{"uuid":"10584cae-f9aa-5acc-873a-8150ee95d05b","iri":"http://imce.jpl.nasa.gov/oml/oml#isOMLModule","abbrevIRI":"oml:isOMLModule"}
{"uuid":"8f087693-8e65-5381-9250-eb6341ba5289","iri":"http://imce.jpl.nasa.gov/oml/oml#isOMLDescriptionBox","abbrevIRI":"oml:isOMLDescriptionBox"}
{"uuid":"926e68bd-a012-5158-8db6-d8781e692df0","iri":"http://imce.jpl.nasa.gov/oml/oml#isOMLBundle","abbrevIRI":"oml:isOMLBundle"}
{"uuid":"c8a8581e-2811-535a-b203-a5991a8668b4","iri":"http://imce.jpl.nasa.gov/oml/oml#isOMLTerminologyGraph","abbrevIRI":"oml:isOMLTerminologyGraph"}
