{"uuid":"58d132e0-8e59-58c0-94a9-d1a36acf1bab","tboxUUID":"be04fd4c-cb57-564e-b166-2164b8557251","extendedTerminologyIRI":"http://imce.jpl.nasa.gov/oml/runtime"}
{"uuid":"bbc6221a-6163-5c1f-8ba4-e9160e003f20","tboxUUID":"be04fd4c-cb57-564e-b166-2164b8557251","extendedTerminologyIRI":"http://www.w3.org/2000/01/rdf-schema"}
{"uuid":"ddc86890-e47e-5bb1-8ad9-256158859f36","tboxUUID":"be04fd4c-cb57-564e-b166-2164b8557251","extendedTerminologyIRI":"http://www.w3.org/1999/02/22-rdf-syntax-ns"}
{"uuid":"df169e44-a8d5-5995-818b-7741879166de","tboxUUID":"be04fd4c-cb57-564e-b166-2164b8557251","extendedTerminologyIRI":"http://imce.jpl.nasa.gov/oml/provenance/MagicDraw"}
