{"uuid":"080ab77c-77f4-5c3c-be67-660dced7f9a2","tboxUUID":"b2e8921a-70d1-5fa5-a3d9-75d0338998b3","sourceUUID":"abcd3fd5-e94e-59d7-a407-6213af3ee163","targetUUID":"bcf7f69e-de9e-5082-a67e-b71b6647bb64","isAsymmetric":true,"isEssential":false,"isFunctional":false,"isInverseEssential":false,"isInverseFunctional":true,"isIrreflexive":true,"isReflexive":false,"isSymmetric":false,"isTransitive":false,"name":"Contains","unreifiedPropertyName":"contains","unreifiedInversePropertyName":["isContainedIn"]}
{"uuid":"639ef275-9c45-5b30-a858-464ae01ddbd4","tboxUUID":"b2e8921a-70d1-5fa5-a3d9-75d0338998b3","sourceUUID":"a2460552-a1c3-5077-a6ea-2df57617b9c7","targetUUID":"a2460552-a1c3-5077-a6ea-2df57617b9c7","isAsymmetric":true,"isEssential":false,"isFunctional":false,"isInverseEssential":false,"isInverseFunctional":false,"isIrreflexive":true,"isReflexive":false,"isSymmetric":false,"isTransitive":false,"name":"Aggregates","unreifiedPropertyName":"aggregates","unreifiedInversePropertyName":["isAggregatedIn"]}
