{"uuid":"21985f30-9eb5-53e4-93b4-da21871b4819","tboxUUID":"a2a79741-19d9-5739-a68a-f3bacf665b6c","name":"Concern"}
{"uuid":"382d8191-1c7e-5abd-b062-5816a1962d05","tboxUUID":"a2a79741-19d9-5739-a68a-f3bacf665b6c","name":"Person"}
{"uuid":"4b7b72ac-a992-5793-af03-3141b8f52afc","tboxUUID":"a2a79741-19d9-5739-a68a-f3bacf665b6c","name":"Process"}
{"uuid":"50c60667-2ed5-58f2-acf7-ae821e4ee6c9","tboxUUID":"a2a79741-19d9-5739-a68a-f3bacf665b6c","name":"Product"}
{"uuid":"51239e0b-1b48-5483-9f71-ae57cb124e92","tboxUUID":"a2a79741-19d9-5739-a68a-f3bacf665b6c","name":"Policy"}
{"uuid":"5681ac0c-af09-5d40-b535-77af37cf47b5","tboxUUID":"a2a79741-19d9-5739-a68a-f3bacf665b6c","name":"Authority"}
{"uuid":"6af40ade-f731-5144-bbf5-ea6d215cc42c","tboxUUID":"a2a79741-19d9-5739-a68a-f3bacf665b6c","name":"Role"}
{"uuid":"83a57c2f-d386-5bb0-900d-df9dc6495f6b","tboxUUID":"a2a79741-19d9-5739-a68a-f3bacf665b6c","name":"Stakeholder"}
{"uuid":"c5847c50-0473-5d3f-a8e8-0456eab010f2","tboxUUID":"a2a79741-19d9-5739-a68a-f3bacf665b6c","name":"Deliverable"}
{"uuid":"c9cc8320-029c-5eb7-8923-697706f6b91b","tboxUUID":"a2a79741-19d9-5739-a68a-f3bacf665b6c","name":"WorkPackage"}
{"uuid":"cf320991-439c-53c6-91e4-72faab7bcde7","tboxUUID":"a2a79741-19d9-5739-a68a-f3bacf665b6c","name":"DevelopmentState"}
{"uuid":"d7e9fcf4-71d1-5b4a-a6b0-e8d28e8c8dce","tboxUUID":"a2a79741-19d9-5739-a68a-f3bacf665b6c","name":"Organization"}
{"uuid":"d7ee0b24-2eb3-5a92-ab50-a85831f46591","tboxUUID":"a2a79741-19d9-5739-a68a-f3bacf665b6c","name":"InterchangePoint"}
{"uuid":"dd26f1a8-7a90-5038-a58d-07cbee6ae37e","tboxUUID":"a2a79741-19d9-5739-a68a-f3bacf665b6c","name":"Program"}
{"uuid":"eb901cd0-32bc-569e-a72f-24404f3427e7","tboxUUID":"a2a79741-19d9-5739-a68a-f3bacf665b6c","name":"Interchange"}
{"uuid":"f548ad75-48db-57e2-aefe-8fd15a752b7a","tboxUUID":"a2a79741-19d9-5739-a68a-f3bacf665b6c","name":"Project"}
{"uuid":"f66fc561-2d90-5288-aa08-1803dc4e1928","tboxUUID":"a2a79741-19d9-5739-a68a-f3bacf665b6c","name":"Facility"}
