{"uuid":"009ba043-460e-5787-a0a3-eeb1eba17872","descriptionBoxUUID":"3a74fc9b-2acb-5b0b-9fd3-96e192be97e7","singletonConceptClassifierUUID":"44f0e1e7-64c0-5f6a-ba2c-d40ad249e271","name":"WBS_05_20_07"}
{"uuid":"01a38a65-5717-5bfb-8776-f5279fdc3868","descriptionBoxUUID":"3a74fc9b-2acb-5b0b-9fd3-96e192be97e7","singletonConceptClassifierUUID":"44f0e1e7-64c0-5f6a-ba2c-d40ad249e271","name":"WBS_06_06_04"}
{"uuid":"01ad228b-c087-5386-b3aa-5241264ff959","descriptionBoxUUID":"3a74fc9b-2acb-5b0b-9fd3-96e192be97e7","singletonConceptClassifierUUID":"44f0e1e7-64c0-5f6a-ba2c-d40ad249e271","name":"WBS_10_07"}
{"uuid":"01ea0c4b-4a2b-5f4b-8c86-50d3d3badf72","descriptionBoxUUID":"3a74fc9b-2acb-5b0b-9fd3-96e192be97e7","singletonConceptClassifierUUID":"44f0e1e7-64c0-5f6a-ba2c-d40ad249e271","name":"WBS_08_01"}
{"uuid":"035853b9-7c38-5f91-b001-91cea202af73","descriptionBoxUUID":"3a74fc9b-2acb-5b0b-9fd3-96e192be97e7","singletonConceptClassifierUUID":"44f0e1e7-64c0-5f6a-ba2c-d40ad249e271","name":"WBS_06_04_07"}
{"uuid":"048f84e9-a737-5128-89db-ff73e7261bd5","descriptionBoxUUID":"3a74fc9b-2acb-5b0b-9fd3-96e192be97e7","singletonConceptClassifierUUID":"44f0e1e7-64c0-5f6a-ba2c-d40ad249e271","name":"WBS_05_02"}
{"uuid":"04a5687c-c2db-50a3-a6a2-7284376e76cd","descriptionBoxUUID":"3a74fc9b-2acb-5b0b-9fd3-96e192be97e7","singletonConceptClassifierUUID":"44f0e1e7-64c0-5f6a-ba2c-d40ad249e271","name":"WBS_09A_03"}
{"uuid":"04f1e9b0-064c-5031-8610-cc7bebfc6f29","descriptionBoxUUID":"3a74fc9b-2acb-5b0b-9fd3-96e192be97e7","singletonConceptClassifierUUID":"44f0e1e7-64c0-5f6a-ba2c-d40ad249e271","name":"WBS_07_04_02"}
{"uuid":"05c35749-d75b-5eeb-b673-db9edd25108f","descriptionBoxUUID":"3a74fc9b-2acb-5b0b-9fd3-96e192be97e7","singletonConceptClassifierUUID":"44f0e1e7-64c0-5f6a-ba2c-d40ad249e271","name":"WBS_05_20_01"}
{"uuid":"063c51ab-d86c-5e1c-8e53-fce31de4ae56","descriptionBoxUUID":"3a74fc9b-2acb-5b0b-9fd3-96e192be97e7","singletonConceptClassifierUUID":"44f0e1e7-64c0-5f6a-ba2c-d40ad249e271","name":"WBS_06_04_04"}
{"uuid":"069c1403-6e63-551a-89af-da3220202d7f","descriptionBoxUUID":"3a74fc9b-2acb-5b0b-9fd3-96e192be97e7","singletonConceptClassifierUUID":"44f0e1e7-64c0-5f6a-ba2c-d40ad249e271","name":"WBS_02_04_03"}
{"uuid":"070daaec-4008-5670-bec2-be9fe1b9e2e0","descriptionBoxUUID":"3a74fc9b-2acb-5b0b-9fd3-96e192be97e7","singletonConceptClassifierUUID":"44f0e1e7-64c0-5f6a-ba2c-d40ad249e271","name":"WBS_02"}
{"uuid":"08c05af0-05ac-5b41-9348-80a96cec1ab2","descriptionBoxUUID":"3a74fc9b-2acb-5b0b-9fd3-96e192be97e7","singletonConceptClassifierUUID":"44f0e1e7-64c0-5f6a-ba2c-d40ad249e271","name":"WBS_03_06_01"}
{"uuid":"09247ea3-45b2-5512-a113-76944f985476","descriptionBoxUUID":"3a74fc9b-2acb-5b0b-9fd3-96e192be97e7","singletonConceptClassifierUUID":"44f0e1e7-64c0-5f6a-ba2c-d40ad249e271","name":"WBS_06_06_09"}
{"uuid":"09dbbfed-b205-519a-9065-abf6ed35c849","descriptionBoxUUID":"3a74fc9b-2acb-5b0b-9fd3-96e192be97e7","singletonConceptClassifierUUID":"44f0e1e7-64c0-5f6a-ba2c-d40ad249e271","name":"WBS_05_20_03"}
{"uuid":"0ad79fe7-2409-5914-8f30-1e80f3e9f166","descriptionBoxUUID":"3a74fc9b-2acb-5b0b-9fd3-96e192be97e7","singletonConceptClassifierUUID":"44f0e1e7-64c0-5f6a-ba2c-d40ad249e271","name":"WBS_03_04_01_01"}
{"uuid":"0c39420b-2b5f-5635-9ab9-9207d6a6f45b","descriptionBoxUUID":"3a74fc9b-2acb-5b0b-9fd3-96e192be97e7","singletonConceptClassifierUUID":"44f0e1e7-64c0-5f6a-ba2c-d40ad249e271","name":"WBS_05_20_05"}
{"uuid":"0e3e373c-d643-5105-9eee-a784059777df","descriptionBoxUUID":"3a74fc9b-2acb-5b0b-9fd3-96e192be97e7","singletonConceptClassifierUUID":"44f0e1e7-64c0-5f6a-ba2c-d40ad249e271","name":"WBS_06_11_03"}
{"uuid":"0e60cfd1-e07c-5075-988f-f0edf7788cea","descriptionBoxUUID":"3a74fc9b-2acb-5b0b-9fd3-96e192be97e7","singletonConceptClassifierUUID":"44f0e1e7-64c0-5f6a-ba2c-d40ad249e271","name":"WBS_07_07_02"}
{"uuid":"0f1abff0-df45-5555-940c-5e107f13d21c","descriptionBoxUUID":"3a74fc9b-2acb-5b0b-9fd3-96e192be97e7","singletonConceptClassifierUUID":"44f0e1e7-64c0-5f6a-ba2c-d40ad249e271","name":"WBS_07_02_03"}
{"uuid":"10766b65-e45a-5f9d-95a9-d79ecbba9359","descriptionBoxUUID":"3a74fc9b-2acb-5b0b-9fd3-96e192be97e7","singletonConceptClassifierUUID":"44f0e1e7-64c0-5f6a-ba2c-d40ad249e271","name":"WBS_10_11"}
{"uuid":"108503e8-1e57-593a-86a6-01ecb924e5cf","descriptionBoxUUID":"3a74fc9b-2acb-5b0b-9fd3-96e192be97e7","singletonConceptClassifierUUID":"44f0e1e7-64c0-5f6a-ba2c-d40ad249e271","name":"WBS_02_06"}
{"uuid":"109a24b9-35c6-544d-b9f5-33f8c3c420f4","descriptionBoxUUID":"3a74fc9b-2acb-5b0b-9fd3-96e192be97e7","singletonConceptClassifierUUID":"44f0e1e7-64c0-5f6a-ba2c-d40ad249e271","name":"WBS_06_06_03"}
{"uuid":"10e995d7-162e-5793-81af-87ac1c4f10cf","descriptionBoxUUID":"3a74fc9b-2acb-5b0b-9fd3-96e192be97e7","singletonConceptClassifierUUID":"44f0e1e7-64c0-5f6a-ba2c-d40ad249e271","name":"WBS_05_06_04"}
{"uuid":"1101e2b1-e52d-523d-90ad-9c6c43754f89","descriptionBoxUUID":"3a74fc9b-2acb-5b0b-9fd3-96e192be97e7","singletonConceptClassifierUUID":"44f0e1e7-64c0-5f6a-ba2c-d40ad249e271","name":"WBS_06_12_06"}
{"uuid":"11a7f610-6642-5ef0-948b-36ff98a5ac0a","descriptionBoxUUID":"3a74fc9b-2acb-5b0b-9fd3-96e192be97e7","singletonConceptClassifierUUID":"44f0e1e7-64c0-5f6a-ba2c-d40ad249e271","name":"WBS_10_02"}
{"uuid":"11ebc3c5-1df6-55ff-a759-98ef1c61a587","descriptionBoxUUID":"3a74fc9b-2acb-5b0b-9fd3-96e192be97e7","singletonConceptClassifierUUID":"44f0e1e7-64c0-5f6a-ba2c-d40ad249e271","name":"WBS_09B_03_04"}
{"uuid":"12b9a695-4993-5062-8514-162b8d065578","descriptionBoxUUID":"3a74fc9b-2acb-5b0b-9fd3-96e192be97e7","singletonConceptClassifierUUID":"6a2f84ff-8577-5daf-9eaa-c2958398201d","name":"Battery"}
{"uuid":"132242ab-1021-5296-a34a-cef021520ee1","descriptionBoxUUID":"3a74fc9b-2acb-5b0b-9fd3-96e192be97e7","singletonConceptClassifierUUID":"6a2f84ff-8577-5daf-9eaa-c2958398201d","name":"Propulsion_Subsystem"}
{"uuid":"14a6d4d4-da3b-5356-95b6-d8a9042ad22f","descriptionBoxUUID":"3a74fc9b-2acb-5b0b-9fd3-96e192be97e7","singletonConceptClassifierUUID":"44f0e1e7-64c0-5f6a-ba2c-d40ad249e271","name":"WBS_04"}
{"uuid":"15ec5008-1332-5705-af17-2f5ee5c5ad1d","descriptionBoxUUID":"3a74fc9b-2acb-5b0b-9fd3-96e192be97e7","singletonConceptClassifierUUID":"44f0e1e7-64c0-5f6a-ba2c-d40ad249e271","name":"WBS_05_20_08"}
{"uuid":"17fa4cf4-217a-5461-b6aa-7feb4be8c149","descriptionBoxUUID":"3a74fc9b-2acb-5b0b-9fd3-96e192be97e7","singletonConceptClassifierUUID":"44f0e1e7-64c0-5f6a-ba2c-d40ad249e271","name":"WBS_07_04_01"}
{"uuid":"1b7dbfde-f19b-5cd7-9afb-1c675345aa0e","descriptionBoxUUID":"3a74fc9b-2acb-5b0b-9fd3-96e192be97e7","singletonConceptClassifierUUID":"44f0e1e7-64c0-5f6a-ba2c-d40ad249e271","name":"WBS_06_06_02"}
{"uuid":"1b8ada36-a53e-5383-b1f0-e163fcb29cc4","descriptionBoxUUID":"3a74fc9b-2acb-5b0b-9fd3-96e192be97e7","singletonConceptClassifierUUID":"44f0e1e7-64c0-5f6a-ba2c-d40ad249e271","name":"WBS_06_04_01"}
{"uuid":"1bc9d037-09a4-5bec-92f7-e3d0f34f9c8c","descriptionBoxUUID":"3a74fc9b-2acb-5b0b-9fd3-96e192be97e7","singletonConceptClassifierUUID":"44f0e1e7-64c0-5f6a-ba2c-d40ad249e271","name":"WBS_09A_02_01"}
{"uuid":"1cbe0367-8c77-576e-bc2e-dc19c26a6e0b","descriptionBoxUUID":"3a74fc9b-2acb-5b0b-9fd3-96e192be97e7","singletonConceptClassifierUUID":"44f0e1e7-64c0-5f6a-ba2c-d40ad249e271","name":"WBS_05_07_to_05_19"}
{"uuid":"1def1963-b315-5f3c-b29b-c85b176ad0ea","descriptionBoxUUID":"3a74fc9b-2acb-5b0b-9fd3-96e192be97e7","singletonConceptClassifierUUID":"6a2f84ff-8577-5daf-9eaa-c2958398201d","name":"IMCEDemo"}
{"uuid":"1ef36ece-3c37-55e9-a286-2a54516bb43c","descriptionBoxUUID":"3a74fc9b-2acb-5b0b-9fd3-96e192be97e7","singletonConceptClassifierUUID":"44f0e1e7-64c0-5f6a-ba2c-d40ad249e271","name":"WBS_03_04_01"}
{"uuid":"1f720da9-7db6-5f9d-87de-6cb975400b66","descriptionBoxUUID":"3a74fc9b-2acb-5b0b-9fd3-96e192be97e7","singletonConceptClassifierUUID":"44f0e1e7-64c0-5f6a-ba2c-d40ad249e271","name":"WBS_06_02"}
{"uuid":"20041a33-f7c6-53db-84c0-824f1ce6f2e5","descriptionBoxUUID":"3a74fc9b-2acb-5b0b-9fd3-96e192be97e7","singletonConceptClassifierUUID":"44f0e1e7-64c0-5f6a-ba2c-d40ad249e271","name":"WBS_09B_03_02"}
{"uuid":"204b8e55-80c2-5d9f-98f0-ae5396c14b88","descriptionBoxUUID":"3a74fc9b-2acb-5b0b-9fd3-96e192be97e7","singletonConceptClassifierUUID":"44f0e1e7-64c0-5f6a-ba2c-d40ad249e271","name":"WBS_03_06_01_02"}
{"uuid":"20eaefa3-3857-5953-b969-1eafb0ee4903","descriptionBoxUUID":"3a74fc9b-2acb-5b0b-9fd3-96e192be97e7","singletonConceptClassifierUUID":"44f0e1e7-64c0-5f6a-ba2c-d40ad249e271","name":"WBS_05_05_01"}
{"uuid":"21249c85-8e63-5fe8-897e-9e17ab6eab65","descriptionBoxUUID":"3a74fc9b-2acb-5b0b-9fd3-96e192be97e7","singletonConceptClassifierUUID":"44f0e1e7-64c0-5f6a-ba2c-d40ad249e271","name":"WBS_06_09_06"}
{"uuid":"218ab232-b6e6-59cb-9470-b2ea51291fd1","descriptionBoxUUID":"3a74fc9b-2acb-5b0b-9fd3-96e192be97e7","singletonConceptClassifierUUID":"44f0e1e7-64c0-5f6a-ba2c-d40ad249e271","name":"WBS_04_03_04"}
{"uuid":"232f0b4b-9ef3-5488-9c11-ea54dab147e1","descriptionBoxUUID":"3a74fc9b-2acb-5b0b-9fd3-96e192be97e7","singletonConceptClassifierUUID":"44f0e1e7-64c0-5f6a-ba2c-d40ad249e271","name":"WBS_04_03"}
{"uuid":"234891b8-bb6e-5856-8a41-ef8f5be6fe60","descriptionBoxUUID":"3a74fc9b-2acb-5b0b-9fd3-96e192be97e7","singletonConceptClassifierUUID":"44f0e1e7-64c0-5f6a-ba2c-d40ad249e271","name":"WBS_03_07_01"}
{"uuid":"2476aabd-e7e1-5529-8dfc-37f72cb2cedf","descriptionBoxUUID":"3a74fc9b-2acb-5b0b-9fd3-96e192be97e7","singletonConceptClassifierUUID":"44f0e1e7-64c0-5f6a-ba2c-d40ad249e271","name":"WBS_07_04"}
{"uuid":"25d2d3a2-b49a-5184-a7a7-b67962dde11a","descriptionBoxUUID":"3a74fc9b-2acb-5b0b-9fd3-96e192be97e7","singletonConceptClassifierUUID":"44f0e1e7-64c0-5f6a-ba2c-d40ad249e271","name":"WBS_08"}
{"uuid":"25fe4b80-db9a-5063-9804-ddb0772cd3b5","descriptionBoxUUID":"3a74fc9b-2acb-5b0b-9fd3-96e192be97e7","singletonConceptClassifierUUID":"44f0e1e7-64c0-5f6a-ba2c-d40ad249e271","name":"WBS_07_05_02"}
{"uuid":"261a8e9e-6091-5f0c-98c5-ecd798dff362","descriptionBoxUUID":"3a74fc9b-2acb-5b0b-9fd3-96e192be97e7","singletonConceptClassifierUUID":"44f0e1e7-64c0-5f6a-ba2c-d40ad249e271","name":"WBS_03_04"}
{"uuid":"265bbbbb-b3d5-52d0-a60d-c16ee8db94d5","descriptionBoxUUID":"3a74fc9b-2acb-5b0b-9fd3-96e192be97e7","singletonConceptClassifierUUID":"44f0e1e7-64c0-5f6a-ba2c-d40ad249e271","name":"WBS_01"}
{"uuid":"26aa91cf-f824-5ac3-9000-3de36861ffe9","descriptionBoxUUID":"3a74fc9b-2acb-5b0b-9fd3-96e192be97e7","singletonConceptClassifierUUID":"44f0e1e7-64c0-5f6a-ba2c-d40ad249e271","name":"WBS_07_07"}
{"uuid":"26eefade-368b-58f5-87e2-f665c75b8a94","descriptionBoxUUID":"3a74fc9b-2acb-5b0b-9fd3-96e192be97e7","singletonConceptClassifierUUID":"44f0e1e7-64c0-5f6a-ba2c-d40ad249e271","name":"WBS_04_02_01"}
{"uuid":"277d727e-187d-5e78-b230-eda2ddba2df2","descriptionBoxUUID":"3a74fc9b-2acb-5b0b-9fd3-96e192be97e7","singletonConceptClassifierUUID":"44f0e1e7-64c0-5f6a-ba2c-d40ad249e271","name":"WBS_10_06"}
{"uuid":"27bdaea2-94a8-58e6-bda9-27d427937d1d","descriptionBoxUUID":"3a74fc9b-2acb-5b0b-9fd3-96e192be97e7","singletonConceptClassifierUUID":"44f0e1e7-64c0-5f6a-ba2c-d40ad249e271","name":"WBS_06_08_06"}
{"uuid":"27e6aa2f-1b56-5f9f-82b6-e46e10cbc06b","descriptionBoxUUID":"3a74fc9b-2acb-5b0b-9fd3-96e192be97e7","singletonConceptClassifierUUID":"44f0e1e7-64c0-5f6a-ba2c-d40ad249e271","name":"WBS_06_09_01"}
{"uuid":"2979cfda-6573-5704-b417-550dfc090bf1","descriptionBoxUUID":"3a74fc9b-2acb-5b0b-9fd3-96e192be97e7","singletonConceptClassifierUUID":"44f0e1e7-64c0-5f6a-ba2c-d40ad249e271","name":"WBS_05_20_09"}
{"uuid":"2990972f-a09a-507d-9b22-8c7cb7d5e7f8","descriptionBoxUUID":"3a74fc9b-2acb-5b0b-9fd3-96e192be97e7","singletonConceptClassifierUUID":"44f0e1e7-64c0-5f6a-ba2c-d40ad249e271","name":"WBS_04_01"}
{"uuid":"2a093417-7b34-5592-92c7-2a102b1a4b13","descriptionBoxUUID":"3a74fc9b-2acb-5b0b-9fd3-96e192be97e7","singletonConceptClassifierUUID":"44f0e1e7-64c0-5f6a-ba2c-d40ad249e271","name":"WBS_02_05_01"}
{"uuid":"2cabfb58-0a9a-59dc-b05c-0a7c88b8ef6f","descriptionBoxUUID":"3a74fc9b-2acb-5b0b-9fd3-96e192be97e7","singletonConceptClassifierUUID":"44f0e1e7-64c0-5f6a-ba2c-d40ad249e271","name":"WBS_07_06"}
{"uuid":"2cde05f8-48c9-53f7-8cea-31f4ff2532bb","descriptionBoxUUID":"3a74fc9b-2acb-5b0b-9fd3-96e192be97e7","singletonConceptClassifierUUID":"44f0e1e7-64c0-5f6a-ba2c-d40ad249e271","name":"WBS_07_07_01"}
{"uuid":"2e8dd1f0-76ee-5f67-89a1-cfdf6eb1918b","descriptionBoxUUID":"3a74fc9b-2acb-5b0b-9fd3-96e192be97e7","singletonConceptClassifierUUID":"44f0e1e7-64c0-5f6a-ba2c-d40ad249e271","name":"WBS_06_10_04"}
{"uuid":"3011e6b4-fef6-53ae-85c0-812525d1c0d5","descriptionBoxUUID":"3a74fc9b-2acb-5b0b-9fd3-96e192be97e7","singletonConceptClassifierUUID":"44f0e1e7-64c0-5f6a-ba2c-d40ad249e271","name":"WBS_06_02_01"}
{"uuid":"3043cbc6-b627-5160-bffb-64bf6e9ca8b3","descriptionBoxUUID":"3a74fc9b-2acb-5b0b-9fd3-96e192be97e7","singletonConceptClassifierUUID":"44f0e1e7-64c0-5f6a-ba2c-d40ad249e271","name":"WBS_03_02_02"}
{"uuid":"32ae9f16-85ad-5407-b352-a5e86be5b493","descriptionBoxUUID":"3a74fc9b-2acb-5b0b-9fd3-96e192be97e7","singletonConceptClassifierUUID":"44f0e1e7-64c0-5f6a-ba2c-d40ad249e271","name":"WBS_09A_03_05"}
{"uuid":"32f7aa60-2207-54a1-85c3-98250b67ca55","descriptionBoxUUID":"3a74fc9b-2acb-5b0b-9fd3-96e192be97e7","singletonConceptClassifierUUID":"44f0e1e7-64c0-5f6a-ba2c-d40ad249e271","name":"WBS_11_01"}
{"uuid":"33a479e0-322d-5538-a38c-e39d4f606b77","descriptionBoxUUID":"3a74fc9b-2acb-5b0b-9fd3-96e192be97e7","singletonConceptClassifierUUID":"44f0e1e7-64c0-5f6a-ba2c-d40ad249e271","name":"WBS_11_04"}
{"uuid":"33e015c0-c67a-5a14-a597-517bb5e0c02b","descriptionBoxUUID":"3a74fc9b-2acb-5b0b-9fd3-96e192be97e7","singletonConceptClassifierUUID":"44f0e1e7-64c0-5f6a-ba2c-d40ad249e271","name":"WBS_04_02_02_04"}
{"uuid":"341f63ee-8d04-52c2-8bd8-bd7dba6628cb","descriptionBoxUUID":"3a74fc9b-2acb-5b0b-9fd3-96e192be97e7","singletonConceptClassifierUUID":"44f0e1e7-64c0-5f6a-ba2c-d40ad249e271","name":"WBS_05_04"}
{"uuid":"3461f2d4-df57-55f3-9f2f-821f33f815c4","descriptionBoxUUID":"3a74fc9b-2acb-5b0b-9fd3-96e192be97e7","singletonConceptClassifierUUID":"44f0e1e7-64c0-5f6a-ba2c-d40ad249e271","name":"WBS_04_03_01"}
{"uuid":"351f8c24-6135-54fc-9d75-a9abfe5e5aeb","descriptionBoxUUID":"3a74fc9b-2acb-5b0b-9fd3-96e192be97e7","singletonConceptClassifierUUID":"44f0e1e7-64c0-5f6a-ba2c-d40ad249e271","name":"WBS_06_08_05"}
{"uuid":"35670b2b-a45f-585e-a16a-86020a5cbe33","descriptionBoxUUID":"3a74fc9b-2acb-5b0b-9fd3-96e192be97e7","singletonConceptClassifierUUID":"44f0e1e7-64c0-5f6a-ba2c-d40ad249e271","name":"WBS_09A_04_03"}
{"uuid":"35e37503-5206-56a2-a455-3adea4a3bafb","descriptionBoxUUID":"3a74fc9b-2acb-5b0b-9fd3-96e192be97e7","singletonConceptClassifierUUID":"44f0e1e7-64c0-5f6a-ba2c-d40ad249e271","name":"WBS_09A_03_01"}
{"uuid":"364313d6-e88e-5c28-934a-11bf05fa9b60","descriptionBoxUUID":"3a74fc9b-2acb-5b0b-9fd3-96e192be97e7","singletonConceptClassifierUUID":"6a2f84ff-8577-5daf-9eaa-c2958398201d","name":"st12259_040_021115"}
{"uuid":"36530c0a-5867-5146-83b2-d2e710ac2895","descriptionBoxUUID":"3a74fc9b-2acb-5b0b-9fd3-96e192be97e7","singletonConceptClassifierUUID":"44f0e1e7-64c0-5f6a-ba2c-d40ad249e271","name":"WBS_06_09"}
{"uuid":"3661adbd-847f-5693-927a-7637dcd5491e","descriptionBoxUUID":"3a74fc9b-2acb-5b0b-9fd3-96e192be97e7","singletonConceptClassifierUUID":"44f0e1e7-64c0-5f6a-ba2c-d40ad249e271","name":"WBS_06_10_02"}
{"uuid":"366efeea-8c38-5f98-a843-7e5c27ccebe1","descriptionBoxUUID":"3a74fc9b-2acb-5b0b-9fd3-96e192be97e7","singletonConceptClassifierUUID":"44f0e1e7-64c0-5f6a-ba2c-d40ad249e271","name":"WBS_06_12_03"}
{"uuid":"38131cc0-9dde-5449-94c5-b12d5faf517e","descriptionBoxUUID":"3a74fc9b-2acb-5b0b-9fd3-96e192be97e7","singletonConceptClassifierUUID":"44f0e1e7-64c0-5f6a-ba2c-d40ad249e271","name":"WBS_03_08"}
{"uuid":"38ee636d-7c62-56f5-b9b0-a43f40133b6a","descriptionBoxUUID":"3a74fc9b-2acb-5b0b-9fd3-96e192be97e7","singletonConceptClassifierUUID":"44f0e1e7-64c0-5f6a-ba2c-d40ad249e271","name":"WBS_10_09"}
{"uuid":"391e82d4-713f-594b-8586-b33b5b7e9bce","descriptionBoxUUID":"3a74fc9b-2acb-5b0b-9fd3-96e192be97e7","singletonConceptClassifierUUID":"6a2f84ff-8577-5daf-9eaa-c2958398201d","name":"Thermal_Subsystem"}
{"uuid":"39febe6c-6653-5a59-8296-18540d653a47","descriptionBoxUUID":"3a74fc9b-2acb-5b0b-9fd3-96e192be97e7","singletonConceptClassifierUUID":"6a2f84ff-8577-5daf-9eaa-c2958398201d","name":"Solar_Array"}
{"uuid":"3a4f6fd4-6449-5db1-aef7-6e2f997de9e8","descriptionBoxUUID":"3a74fc9b-2acb-5b0b-9fd3-96e192be97e7","singletonConceptClassifierUUID":"44f0e1e7-64c0-5f6a-ba2c-d40ad249e271","name":"WBS_06_07_03"}
{"uuid":"3be566d7-7241-5c0f-956b-632e37908ee0","descriptionBoxUUID":"3a74fc9b-2acb-5b0b-9fd3-96e192be97e7","singletonConceptClassifierUUID":"6a2f84ff-8577-5daf-9eaa-c2958398201d","name":"MLH_MMP_CHK_Basic_Box_021115"}
{"uuid":"3cc8de0f-5642-5b8c-a1d6-09a2cb3c50e6","descriptionBoxUUID":"3a74fc9b-2acb-5b0b-9fd3-96e192be97e7","singletonConceptClassifierUUID":"44f0e1e7-64c0-5f6a-ba2c-d40ad249e271","name":"WBS_09A_03_02"}
{"uuid":"3d1384bc-2ebe-5881-a8f3-5b82d08379c6","descriptionBoxUUID":"3a74fc9b-2acb-5b0b-9fd3-96e192be97e7","singletonConceptClassifierUUID":"6a2f84ff-8577-5daf-9eaa-c2958398201d","name":"Instrument_Subsystem"}
{"uuid":"3d5af2a2-12d6-53c8-acf0-e81f8798209b","descriptionBoxUUID":"3a74fc9b-2acb-5b0b-9fd3-96e192be97e7","singletonConceptClassifierUUID":"44f0e1e7-64c0-5f6a-ba2c-d40ad249e271","name":"WBS_05_30"}
{"uuid":"3dbea15f-e213-5d82-96d3-5227e66c635e","descriptionBoxUUID":"3a74fc9b-2acb-5b0b-9fd3-96e192be97e7","singletonConceptClassifierUUID":"44f0e1e7-64c0-5f6a-ba2c-d40ad249e271","name":"WBS_09B_05"}
{"uuid":"4027ff68-535a-59fd-9d6a-2f777cbc2a1d","descriptionBoxUUID":"3a74fc9b-2acb-5b0b-9fd3-96e192be97e7","singletonConceptClassifierUUID":"44f0e1e7-64c0-5f6a-ba2c-d40ad249e271","name":"WBS_03_02_01"}
{"uuid":"40d8cb14-b799-5ed8-bdd3-a73348782dde","descriptionBoxUUID":"3a74fc9b-2acb-5b0b-9fd3-96e192be97e7","singletonConceptClassifierUUID":"44f0e1e7-64c0-5f6a-ba2c-d40ad249e271","name":"WBS_03"}
{"uuid":"41044e22-636e-5abf-afc5-3b7964b7feb9","descriptionBoxUUID":"3a74fc9b-2acb-5b0b-9fd3-96e192be97e7","singletonConceptClassifierUUID":"44f0e1e7-64c0-5f6a-ba2c-d40ad249e271","name":"WBS_06_11_04"}
{"uuid":"42eb350e-cdf2-520f-bf7e-61ea1a896493","descriptionBoxUUID":"3a74fc9b-2acb-5b0b-9fd3-96e192be97e7","singletonConceptClassifierUUID":"44f0e1e7-64c0-5f6a-ba2c-d40ad249e271","name":"WBS_01_02"}
{"uuid":"435afcb6-fbcc-55bf-9523-1cf2be2314e8","descriptionBoxUUID":"3a74fc9b-2acb-5b0b-9fd3-96e192be97e7","singletonConceptClassifierUUID":"44f0e1e7-64c0-5f6a-ba2c-d40ad249e271","name":"WBS_05_06_06"}
{"uuid":"44b9c91a-926f-583b-87e9-916ec6da4c44","descriptionBoxUUID":"3a74fc9b-2acb-5b0b-9fd3-96e192be97e7","singletonConceptClassifierUUID":"44f0e1e7-64c0-5f6a-ba2c-d40ad249e271","name":"WBS_06_05_01"}
{"uuid":"44c37026-fcaf-54dd-ae3f-d1705540bd80","descriptionBoxUUID":"3a74fc9b-2acb-5b0b-9fd3-96e192be97e7","singletonConceptClassifierUUID":"44f0e1e7-64c0-5f6a-ba2c-d40ad249e271","name":"WBS_06_16"}
{"uuid":"44d0c111-622a-5382-8692-474723d161ff","descriptionBoxUUID":"3a74fc9b-2acb-5b0b-9fd3-96e192be97e7","singletonConceptClassifierUUID":"44f0e1e7-64c0-5f6a-ba2c-d40ad249e271","name":"WBS_05_20_04"}
{"uuid":"4615d96a-61ff-522a-8f32-13e1ab9e1b5d","descriptionBoxUUID":"3a74fc9b-2acb-5b0b-9fd3-96e192be97e7","singletonConceptClassifierUUID":"6a2f84ff-8577-5daf-9eaa-c2958398201d","name":"Louvers"}
{"uuid":"46c90345-7981-5147-8906-3cd7dc9b8517","descriptionBoxUUID":"3a74fc9b-2acb-5b0b-9fd3-96e192be97e7","singletonConceptClassifierUUID":"44f0e1e7-64c0-5f6a-ba2c-d40ad249e271","name":"WBS_05_33"}
{"uuid":"47e2f4df-a98b-5af8-bae9-d523f76cf7b5","descriptionBoxUUID":"3a74fc9b-2acb-5b0b-9fd3-96e192be97e7","singletonConceptClassifierUUID":"44f0e1e7-64c0-5f6a-ba2c-d40ad249e271","name":"WBS_03_06"}
{"uuid":"4863e571-0974-56a4-b8c2-9302d9a87257","descriptionBoxUUID":"3a74fc9b-2acb-5b0b-9fd3-96e192be97e7","singletonConceptClassifierUUID":"44f0e1e7-64c0-5f6a-ba2c-d40ad249e271","name":"WBS_06_12_01"}
{"uuid":"49218d59-3f98-553e-bc87-154a19462929","descriptionBoxUUID":"3a74fc9b-2acb-5b0b-9fd3-96e192be97e7","singletonConceptClassifierUUID":"44f0e1e7-64c0-5f6a-ba2c-d40ad249e271","name":"WBS_09B_01"}
{"uuid":"4acc6012-36c7-56e9-9fcf-8e1689964510","descriptionBoxUUID":"3a74fc9b-2acb-5b0b-9fd3-96e192be97e7","singletonConceptClassifierUUID":"44f0e1e7-64c0-5f6a-ba2c-d40ad249e271","name":"WBS_06_14_05"}
{"uuid":"4b0c30fe-7fed-5db2-ad4e-5d83bb788762","descriptionBoxUUID":"3a74fc9b-2acb-5b0b-9fd3-96e192be97e7","singletonConceptClassifierUUID":"44f0e1e7-64c0-5f6a-ba2c-d40ad249e271","name":"WBS_06_08_04"}
{"uuid":"4b38d4e9-708a-55b2-95c4-a0f8215c498a","descriptionBoxUUID":"3a74fc9b-2acb-5b0b-9fd3-96e192be97e7","singletonConceptClassifierUUID":"44f0e1e7-64c0-5f6a-ba2c-d40ad249e271","name":"WBS_02_08"}
{"uuid":"4cddd1a7-ff40-5384-9c42-97144ca35ce5","descriptionBoxUUID":"3a74fc9b-2acb-5b0b-9fd3-96e192be97e7","singletonConceptClassifierUUID":"44f0e1e7-64c0-5f6a-ba2c-d40ad249e271","name":"WBS_03_05_01"}
{"uuid":"4e23a831-dbb9-52ac-9b36-814fc41e9a5f","descriptionBoxUUID":"3a74fc9b-2acb-5b0b-9fd3-96e192be97e7","singletonConceptClassifierUUID":"44f0e1e7-64c0-5f6a-ba2c-d40ad249e271","name":"WBS_02_04_04"}
{"uuid":"4e874d94-141a-5923-b62b-f73ce9cb06a5","descriptionBoxUUID":"3a74fc9b-2acb-5b0b-9fd3-96e192be97e7","singletonConceptClassifierUUID":"44f0e1e7-64c0-5f6a-ba2c-d40ad249e271","name":"WBS_05_05_02"}
{"uuid":"4f6ea545-4f52-558a-8d2b-288e48d1f0e7","descriptionBoxUUID":"3a74fc9b-2acb-5b0b-9fd3-96e192be97e7","singletonConceptClassifierUUID":"44f0e1e7-64c0-5f6a-ba2c-d40ad249e271","name":"WBS_06_13"}
{"uuid":"500026ad-e160-56c9-9c36-2ca902c93924","descriptionBoxUUID":"3a74fc9b-2acb-5b0b-9fd3-96e192be97e7","singletonConceptClassifierUUID":"44f0e1e7-64c0-5f6a-ba2c-d40ad249e271","name":"WBS_06_07_07"}
{"uuid":"51346f03-b469-5c8b-8a97-efd159655094","descriptionBoxUUID":"3a74fc9b-2acb-5b0b-9fd3-96e192be97e7","singletonConceptClassifierUUID":"6a2f84ff-8577-5daf-9eaa-c2958398201d","name":"KNCM4X0_7_021115"}
{"uuid":"5230f865-d103-52ea-ae8e-6d69f4f2a5e7","descriptionBoxUUID":"3a74fc9b-2acb-5b0b-9fd3-96e192be97e7","singletonConceptClassifierUUID":"44f0e1e7-64c0-5f6a-ba2c-d40ad249e271","name":"WBS_09A_04"}
{"uuid":"529d6f11-90f5-584a-a4f9-974899a6eac6","descriptionBoxUUID":"3a74fc9b-2acb-5b0b-9fd3-96e192be97e7","singletonConceptClassifierUUID":"44f0e1e7-64c0-5f6a-ba2c-d40ad249e271","name":"WBS_01_RE"}
{"uuid":"530fc300-8f6f-5981-9790-4dbac589e190","descriptionBoxUUID":"3a74fc9b-2acb-5b0b-9fd3-96e192be97e7","singletonConceptClassifierUUID":"44f0e1e7-64c0-5f6a-ba2c-d40ad249e271","name":"WBS_02_05_03"}
{"uuid":"5314a883-69e3-5900-b39e-7f93b9d40fa9","descriptionBoxUUID":"3a74fc9b-2acb-5b0b-9fd3-96e192be97e7","singletonConceptClassifierUUID":"44f0e1e7-64c0-5f6a-ba2c-d40ad249e271","name":"WBS_07_06_01"}
{"uuid":"546126a7-9935-5ef9-9fbe-48b7f9ebdb2e","descriptionBoxUUID":"3a74fc9b-2acb-5b0b-9fd3-96e192be97e7","singletonConceptClassifierUUID":"44f0e1e7-64c0-5f6a-ba2c-d40ad249e271","name":"WBS_03_06_02_02"}
{"uuid":"54e51499-38df-5163-bf42-000eb9dfb52c","descriptionBoxUUID":"3a74fc9b-2acb-5b0b-9fd3-96e192be97e7","singletonConceptClassifierUUID":"44f0e1e7-64c0-5f6a-ba2c-d40ad249e271","name":"WBS_04_05_02"}
{"uuid":"55ff19c7-8e55-58de-b28f-2e4e9586f3bc","descriptionBoxUUID":"3a74fc9b-2acb-5b0b-9fd3-96e192be97e7","singletonConceptClassifierUUID":"44f0e1e7-64c0-5f6a-ba2c-d40ad249e271","name":"WBS_03_08_02"}
{"uuid":"56b50b9e-ec08-534f-af48-f7da67c97e87","descriptionBoxUUID":"3a74fc9b-2acb-5b0b-9fd3-96e192be97e7","singletonConceptClassifierUUID":"44f0e1e7-64c0-5f6a-ba2c-d40ad249e271","name":"WBS_06_05_02"}
{"uuid":"57d52cf2-3f95-515c-89e3-35007db86811","descriptionBoxUUID":"3a74fc9b-2acb-5b0b-9fd3-96e192be97e7","singletonConceptClassifierUUID":"44f0e1e7-64c0-5f6a-ba2c-d40ad249e271","name":"WBS_06_06_01"}
{"uuid":"5af88013-023b-5f8e-92ba-8fcc80f6d77d","descriptionBoxUUID":"3a74fc9b-2acb-5b0b-9fd3-96e192be97e7","singletonConceptClassifierUUID":"44f0e1e7-64c0-5f6a-ba2c-d40ad249e271","name":"WBS_03_06_02_01"}
{"uuid":"5b430d9a-3ff0-5776-b8b9-259dd99406ff","descriptionBoxUUID":"3a74fc9b-2acb-5b0b-9fd3-96e192be97e7","singletonConceptClassifierUUID":"44f0e1e7-64c0-5f6a-ba2c-d40ad249e271","name":"WBS_05_04_02"}
{"uuid":"5c0ead29-e548-579b-b210-974bd1953918","descriptionBoxUUID":"3a74fc9b-2acb-5b0b-9fd3-96e192be97e7","singletonConceptClassifierUUID":"44f0e1e7-64c0-5f6a-ba2c-d40ad249e271","name":"WBS_02_02"}
{"uuid":"5d09fa03-5d6d-516a-ba06-41668e5280bb","descriptionBoxUUID":"3a74fc9b-2acb-5b0b-9fd3-96e192be97e7","singletonConceptClassifierUUID":"6a2f84ff-8577-5daf-9eaa-c2958398201d","name":"MLH_MMP_CHK_Panel_2_101_021115"}
{"uuid":"5e10cfcd-14cc-5050-a294-7f2b0be0afa2","descriptionBoxUUID":"3a74fc9b-2acb-5b0b-9fd3-96e192be97e7","singletonConceptClassifierUUID":"44f0e1e7-64c0-5f6a-ba2c-d40ad249e271","name":"WBS_06_14_02"}
{"uuid":"5ef86d97-ed62-521a-900e-56e86113002b","descriptionBoxUUID":"3a74fc9b-2acb-5b0b-9fd3-96e192be97e7","singletonConceptClassifierUUID":"44f0e1e7-64c0-5f6a-ba2c-d40ad249e271","name":"WBS_07_01"}
{"uuid":"6013db49-bdea-56ac-8a94-72b1b8fe6be7","descriptionBoxUUID":"3a74fc9b-2acb-5b0b-9fd3-96e192be97e7","singletonConceptClassifierUUID":"44f0e1e7-64c0-5f6a-ba2c-d40ad249e271","name":"WBS_06_04_06"}
{"uuid":"60b46357-b28c-5788-aef1-79af0aea2a93","descriptionBoxUUID":"3a74fc9b-2acb-5b0b-9fd3-96e192be97e7","singletonConceptClassifierUUID":"44f0e1e7-64c0-5f6a-ba2c-d40ad249e271","name":"WBS_07_02_02"}
{"uuid":"63fed25d-6860-587b-8932-66d4de6d0163","descriptionBoxUUID":"3a74fc9b-2acb-5b0b-9fd3-96e192be97e7","singletonConceptClassifierUUID":"44f0e1e7-64c0-5f6a-ba2c-d40ad249e271","name":"WBS_02_04_02"}
{"uuid":"64163f2a-3e6c-565e-8222-eeaef50f4618","descriptionBoxUUID":"3a74fc9b-2acb-5b0b-9fd3-96e192be97e7","singletonConceptClassifierUUID":"44f0e1e7-64c0-5f6a-ba2c-d40ad249e271","name":"WBS_09A_"}
{"uuid":"64790ad0-acba-5b88-97fb-b08e9a372d01","descriptionBoxUUID":"3a74fc9b-2acb-5b0b-9fd3-96e192be97e7","singletonConceptClassifierUUID":"44f0e1e7-64c0-5f6a-ba2c-d40ad249e271","name":"WBS_06_06_07"}
{"uuid":"65cd2852-c764-5e7f-8a31-458b7559faf0","descriptionBoxUUID":"3a74fc9b-2acb-5b0b-9fd3-96e192be97e7","singletonConceptClassifierUUID":"44f0e1e7-64c0-5f6a-ba2c-d40ad249e271","name":"WBS_09B_06"}
{"uuid":"65fd3fc3-77ef-5b1f-81f5-52a86c99207f","descriptionBoxUUID":"3a74fc9b-2acb-5b0b-9fd3-96e192be97e7","singletonConceptClassifierUUID":"44f0e1e7-64c0-5f6a-ba2c-d40ad249e271","name":"WBS_04_02_03"}
{"uuid":"663b87ef-9c5b-5a62-9840-fbd418204b6d","descriptionBoxUUID":"3a74fc9b-2acb-5b0b-9fd3-96e192be97e7","singletonConceptClassifierUUID":"44f0e1e7-64c0-5f6a-ba2c-d40ad249e271","name":"WBS_06_14_03"}
{"uuid":"674b2e79-06a7-5f12-8cc2-ddc3e3a83b54","descriptionBoxUUID":"3a74fc9b-2acb-5b0b-9fd3-96e192be97e7","singletonConceptClassifierUUID":"44f0e1e7-64c0-5f6a-ba2c-d40ad249e271","name":"WBS_01_04"}
{"uuid":"679008ea-4ea2-5e8c-95b2-beeee304b7e3","descriptionBoxUUID":"3a74fc9b-2acb-5b0b-9fd3-96e192be97e7","singletonConceptClassifierUUID":"44f0e1e7-64c0-5f6a-ba2c-d40ad249e271","name":"WBS_06_14_04"}
{"uuid":"6792ca58-18e1-5265-b24e-aff625368207","descriptionBoxUUID":"3a74fc9b-2acb-5b0b-9fd3-96e192be97e7","singletonConceptClassifierUUID":"44f0e1e7-64c0-5f6a-ba2c-d40ad249e271","name":"WBS_04_02_01_01"}
{"uuid":"67f5147b-28c4-595f-bf3c-56150bec08c1","descriptionBoxUUID":"3a74fc9b-2acb-5b0b-9fd3-96e192be97e7","singletonConceptClassifierUUID":"44f0e1e7-64c0-5f6a-ba2c-d40ad249e271","name":"WBS_06_07_01"}
{"uuid":"6810e90b-2d09-59cb-9767-22aab2ed67a6","descriptionBoxUUID":"3a74fc9b-2acb-5b0b-9fd3-96e192be97e7","singletonConceptClassifierUUID":"44f0e1e7-64c0-5f6a-ba2c-d40ad249e271","name":"WBS_06_15_01"}
{"uuid":"68ba946c-8266-54f1-991b-99e7547ebe9c","descriptionBoxUUID":"3a74fc9b-2acb-5b0b-9fd3-96e192be97e7","singletonConceptClassifierUUID":"44f0e1e7-64c0-5f6a-ba2c-d40ad249e271","name":"WBS_06_12_08"}
{"uuid":"68e5e158-e01b-5fd0-bd8b-d49c73d5a813","descriptionBoxUUID":"3a74fc9b-2acb-5b0b-9fd3-96e192be97e7","singletonConceptClassifierUUID":"44f0e1e7-64c0-5f6a-ba2c-d40ad249e271","name":"WBS_02_10"}
{"uuid":"69189055-9b58-5647-b6a7-7aad11cf9765","descriptionBoxUUID":"3a74fc9b-2acb-5b0b-9fd3-96e192be97e7","singletonConceptClassifierUUID":"44f0e1e7-64c0-5f6a-ba2c-d40ad249e271","name":"WBS_02_06_01"}
{"uuid":"693abe25-8d79-5f2f-868d-9f5231bdbe2f","descriptionBoxUUID":"3a74fc9b-2acb-5b0b-9fd3-96e192be97e7","singletonConceptClassifierUUID":"6a2f84ff-8577-5daf-9eaa-c2958398201d","name":"MLH_MMP_CHK_Instrument_Harness_021115"}
{"uuid":"697d9376-072e-514d-a66d-8b247b78572c","descriptionBoxUUID":"3a74fc9b-2acb-5b0b-9fd3-96e192be97e7","singletonConceptClassifierUUID":"44f0e1e7-64c0-5f6a-ba2c-d40ad249e271","name":"WBS_06_15_01_02"}
{"uuid":"6addb94d-48fd-5929-a07a-9d4398e4bf03","descriptionBoxUUID":"3a74fc9b-2acb-5b0b-9fd3-96e192be97e7","singletonConceptClassifierUUID":"44f0e1e7-64c0-5f6a-ba2c-d40ad249e271","name":"WBS_03_03_02"}
{"uuid":"6ceb9a80-18e5-5a8c-a0b1-405c78f67a5c","descriptionBoxUUID":"3a74fc9b-2acb-5b0b-9fd3-96e192be97e7","singletonConceptClassifierUUID":"44f0e1e7-64c0-5f6a-ba2c-d40ad249e271","name":"WBS_04_02_02"}
{"uuid":"6cfcf802-2662-5267-901a-504fea086b69","descriptionBoxUUID":"3a74fc9b-2acb-5b0b-9fd3-96e192be97e7","singletonConceptClassifierUUID":"44f0e1e7-64c0-5f6a-ba2c-d40ad249e271","name":"WBS_06_04"}
{"uuid":"6d4bb421-553b-5a7d-8320-1ef01d1874b1","descriptionBoxUUID":"3a74fc9b-2acb-5b0b-9fd3-96e192be97e7","singletonConceptClassifierUUID":"44f0e1e7-64c0-5f6a-ba2c-d40ad249e271","name":"WBS_09A_03_06"}
{"uuid":"6e01053d-4830-5694-b917-37f3c3141570","descriptionBoxUUID":"3a74fc9b-2acb-5b0b-9fd3-96e192be97e7","singletonConceptClassifierUUID":"44f0e1e7-64c0-5f6a-ba2c-d40ad249e271","name":"WBS_01_06_05"}
{"uuid":"6e513a5a-1cee-5a5a-8637-27b6990a184b","descriptionBoxUUID":"3a74fc9b-2acb-5b0b-9fd3-96e192be97e7","singletonConceptClassifierUUID":"44f0e1e7-64c0-5f6a-ba2c-d40ad249e271","name":"WBS_06_12_09"}
{"uuid":"6e6fbebc-d435-5848-b9fc-a30e6d364296","descriptionBoxUUID":"3a74fc9b-2acb-5b0b-9fd3-96e192be97e7","singletonConceptClassifierUUID":"44f0e1e7-64c0-5f6a-ba2c-d40ad249e271","name":"WBS_01_06"}
{"uuid":"6f4b87db-39e5-5df0-93ea-0a91faa538fb","descriptionBoxUUID":"3a74fc9b-2acb-5b0b-9fd3-96e192be97e7","singletonConceptClassifierUUID":"44f0e1e7-64c0-5f6a-ba2c-d40ad249e271","name":"WBS_10"}
{"uuid":"704dadf6-50d9-5038-8ce2-532333773abb","descriptionBoxUUID":"3a74fc9b-2acb-5b0b-9fd3-96e192be97e7","singletonConceptClassifierUUID":"44f0e1e7-64c0-5f6a-ba2c-d40ad249e271","name":"WBS_02_04_01"}
{"uuid":"707ff002-fdbc-554d-9932-24536394c4a4","descriptionBoxUUID":"3a74fc9b-2acb-5b0b-9fd3-96e192be97e7","singletonConceptClassifierUUID":"44f0e1e7-64c0-5f6a-ba2c-d40ad249e271","name":"WBS_06_15"}
{"uuid":"733abdc3-7267-5e41-831a-bd876f30e41f","descriptionBoxUUID":"3a74fc9b-2acb-5b0b-9fd3-96e192be97e7","singletonConceptClassifierUUID":"44f0e1e7-64c0-5f6a-ba2c-d40ad249e271","name":"WBS_06_14_01"}
{"uuid":"73a1736f-91af-5101-8dfd-c5303b0041ab","descriptionBoxUUID":"3a74fc9b-2acb-5b0b-9fd3-96e192be97e7","singletonConceptClassifierUUID":"44f0e1e7-64c0-5f6a-ba2c-d40ad249e271","name":"WBS_02_03"}
{"uuid":"73f9178f-76fa-584c-9a6f-39e133744094","descriptionBoxUUID":"3a74fc9b-2acb-5b0b-9fd3-96e192be97e7","singletonConceptClassifierUUID":"44f0e1e7-64c0-5f6a-ba2c-d40ad249e271","name":"WBS_12_02"}
{"uuid":"74114f96-3e65-5267-872b-d917ba6613a7","descriptionBoxUUID":"3a74fc9b-2acb-5b0b-9fd3-96e192be97e7","singletonConceptClassifierUUID":"44f0e1e7-64c0-5f6a-ba2c-d40ad249e271","name":"WBS_05_20"}
{"uuid":"74909356-ea73-527c-b128-b136e68deba1","descriptionBoxUUID":"3a74fc9b-2acb-5b0b-9fd3-96e192be97e7","singletonConceptClassifierUUID":"44f0e1e7-64c0-5f6a-ba2c-d40ad249e271","name":"WBS_09A_03_04"}
{"uuid":"769a698f-1f65-511e-8352-c5c79a0520fb","descriptionBoxUUID":"3a74fc9b-2acb-5b0b-9fd3-96e192be97e7","singletonConceptClassifierUUID":"44f0e1e7-64c0-5f6a-ba2c-d40ad249e271","name":"WBS_02_11"}
{"uuid":"76f36a0d-4f39-5f5d-bc8a-f824949b153b","descriptionBoxUUID":"3a74fc9b-2acb-5b0b-9fd3-96e192be97e7","singletonConceptClassifierUUID":"44f0e1e7-64c0-5f6a-ba2c-d40ad249e271","name":"WBS_05_04_06"}
{"uuid":"774b8da4-fda8-5738-a26b-1ba9875e0936","descriptionBoxUUID":"3a74fc9b-2acb-5b0b-9fd3-96e192be97e7","singletonConceptClassifierUUID":"44f0e1e7-64c0-5f6a-ba2c-d40ad249e271","name":"WBS_06_08_01"}
{"uuid":"77938184-7d57-59f2-a04f-11588bda3c99","descriptionBoxUUID":"3a74fc9b-2acb-5b0b-9fd3-96e192be97e7","singletonConceptClassifierUUID":"44f0e1e7-64c0-5f6a-ba2c-d40ad249e271","name":"WBS_10_01"}
{"uuid":"7848c603-c77f-57d4-9144-578e1b1e32b7","descriptionBoxUUID":"3a74fc9b-2acb-5b0b-9fd3-96e192be97e7","singletonConceptClassifierUUID":"44f0e1e7-64c0-5f6a-ba2c-d40ad249e271","name":"WBS_05_04_03"}
{"uuid":"78678ee7-326d-594e-b821-6b71e6d51d73","descriptionBoxUUID":"3a74fc9b-2acb-5b0b-9fd3-96e192be97e7","singletonConceptClassifierUUID":"44f0e1e7-64c0-5f6a-ba2c-d40ad249e271","name":"WBS_11_06"}
{"uuid":"788e1db4-524a-503b-9d23-f7ec7b813e4c","descriptionBoxUUID":"3a74fc9b-2acb-5b0b-9fd3-96e192be97e7","singletonConceptClassifierUUID":"44f0e1e7-64c0-5f6a-ba2c-d40ad249e271","name":"WBS_06_10_07"}
{"uuid":"78bc3072-47cc-5564-9da3-6b91ae30310a","descriptionBoxUUID":"3a74fc9b-2acb-5b0b-9fd3-96e192be97e7","singletonConceptClassifierUUID":"44f0e1e7-64c0-5f6a-ba2c-d40ad249e271","name":"WBS_02_07"}
{"uuid":"79f5ec36-9df7-52d3-829b-5e2ecf2fcbff","descriptionBoxUUID":"3a74fc9b-2acb-5b0b-9fd3-96e192be97e7","singletonConceptClassifierUUID":"44f0e1e7-64c0-5f6a-ba2c-d40ad249e271","name":"WBS_03_04_02"}
{"uuid":"7affb8d4-ee2b-5ad4-b602-87c6bdd3a6da","descriptionBoxUUID":"3a74fc9b-2acb-5b0b-9fd3-96e192be97e7","singletonConceptClassifierUUID":"44f0e1e7-64c0-5f6a-ba2c-d40ad249e271","name":"WBS_05_04_10"}
{"uuid":"7b8f1742-366a-5ca9-9276-025a28403037","descriptionBoxUUID":"3a74fc9b-2acb-5b0b-9fd3-96e192be97e7","singletonConceptClassifierUUID":"44f0e1e7-64c0-5f6a-ba2c-d40ad249e271","name":"WBS_06_14"}
{"uuid":"7c00e68d-3f37-54c3-9555-4c6c5560299a","descriptionBoxUUID":"3a74fc9b-2acb-5b0b-9fd3-96e192be97e7","singletonConceptClassifierUUID":"44f0e1e7-64c0-5f6a-ba2c-d40ad249e271","name":"WBS_06_11_01"}
{"uuid":"7c7a4408-01e8-59ef-9b59-2da826c5818d","descriptionBoxUUID":"3a74fc9b-2acb-5b0b-9fd3-96e192be97e7","singletonConceptClassifierUUID":"44f0e1e7-64c0-5f6a-ba2c-d40ad249e271","name":"WBS_06_10_05"}
{"uuid":"7cf8703f-370c-528b-8639-50d5414d6798","descriptionBoxUUID":"3a74fc9b-2acb-5b0b-9fd3-96e192be97e7","singletonConceptClassifierUUID":"44f0e1e7-64c0-5f6a-ba2c-d40ad249e271","name":"WBS_10_03"}
{"uuid":"7db90ec7-64ef-5492-bfc5-e9ae84acae59","descriptionBoxUUID":"3a74fc9b-2acb-5b0b-9fd3-96e192be97e7","singletonConceptClassifierUUID":"44f0e1e7-64c0-5f6a-ba2c-d40ad249e271","name":"WBS_06_05_06"}
{"uuid":"7e502334-9433-5a54-8450-815dfe4e06ba","descriptionBoxUUID":"3a74fc9b-2acb-5b0b-9fd3-96e192be97e7","singletonConceptClassifierUUID":"44f0e1e7-64c0-5f6a-ba2c-d40ad249e271","name":"WBS_06_09_02"}
{"uuid":"7f43eb4a-b83c-5915-9ac1-87a7d4aeeddd","descriptionBoxUUID":"3a74fc9b-2acb-5b0b-9fd3-96e192be97e7","singletonConceptClassifierUUID":"44f0e1e7-64c0-5f6a-ba2c-d40ad249e271","name":"WBS_03_08_01"}
{"uuid":"7ff8b88b-a422-52da-93fd-dcb8d31f391d","descriptionBoxUUID":"3a74fc9b-2acb-5b0b-9fd3-96e192be97e7","singletonConceptClassifierUUID":"44f0e1e7-64c0-5f6a-ba2c-d40ad249e271","name":"WBS_06_07_05"}
{"uuid":"800a26d3-a306-5f8f-8ff8-e2d36b7589aa","descriptionBoxUUID":"3a74fc9b-2acb-5b0b-9fd3-96e192be97e7","singletonConceptClassifierUUID":"44f0e1e7-64c0-5f6a-ba2c-d40ad249e271","name":"WBS_03_05"}
{"uuid":"805a19a1-3833-559e-b79c-7984bdb7386e","descriptionBoxUUID":"3a74fc9b-2acb-5b0b-9fd3-96e192be97e7","singletonConceptClassifierUUID":"44f0e1e7-64c0-5f6a-ba2c-d40ad249e271","name":"WBS_05"}
{"uuid":"80a18fa7-55bb-50fd-8764-c24766244eb3","descriptionBoxUUID":"3a74fc9b-2acb-5b0b-9fd3-96e192be97e7","singletonConceptClassifierUUID":"44f0e1e7-64c0-5f6a-ba2c-d40ad249e271","name":"WBS_04_02_01_02"}
{"uuid":"835ff76e-b241-5e3e-bfbe-86ada387e83f","descriptionBoxUUID":"3a74fc9b-2acb-5b0b-9fd3-96e192be97e7","singletonConceptClassifierUUID":"44f0e1e7-64c0-5f6a-ba2c-d40ad249e271","name":"WBS_06_12_04"}
{"uuid":"83e86ba0-a4b6-5b5b-9f9d-a9ed21e190b5","descriptionBoxUUID":"3a74fc9b-2acb-5b0b-9fd3-96e192be97e7","singletonConceptClassifierUUID":"44f0e1e7-64c0-5f6a-ba2c-d40ad249e271","name":"WBS_09B_03_03"}
{"uuid":"85d11bed-1a4c-50fb-beac-0c36bb2a264a","descriptionBoxUUID":"3a74fc9b-2acb-5b0b-9fd3-96e192be97e7","singletonConceptClassifierUUID":"44f0e1e7-64c0-5f6a-ba2c-d40ad249e271","name":"WBS_02_05"}
{"uuid":"85efcd95-9c88-5aa4-b0b3-71792fde7399","descriptionBoxUUID":"3a74fc9b-2acb-5b0b-9fd3-96e192be97e7","singletonConceptClassifierUUID":"44f0e1e7-64c0-5f6a-ba2c-d40ad249e271","name":"WBS_06_03"}
{"uuid":"86c84410-9b30-568b-8913-e89d8fa443ee","descriptionBoxUUID":"3a74fc9b-2acb-5b0b-9fd3-96e192be97e7","singletonConceptClassifierUUID":"44f0e1e7-64c0-5f6a-ba2c-d40ad249e271","name":"WBS_09B_06_01"}
{"uuid":"86e370f4-58c6-5365-84db-72f7f00c85ef","descriptionBoxUUID":"3a74fc9b-2acb-5b0b-9fd3-96e192be97e7","singletonConceptClassifierUUID":"44f0e1e7-64c0-5f6a-ba2c-d40ad249e271","name":"WBS_06_11_02"}
{"uuid":"871fa107-0c01-519d-af5c-7deabc392709","descriptionBoxUUID":"3a74fc9b-2acb-5b0b-9fd3-96e192be97e7","singletonConceptClassifierUUID":"44f0e1e7-64c0-5f6a-ba2c-d40ad249e271","name":"WBS_09B_05_02"}
{"uuid":"8a8cf6a9-0649-5107-84bc-1d5768ed6e0d","descriptionBoxUUID":"3a74fc9b-2acb-5b0b-9fd3-96e192be97e7","singletonConceptClassifierUUID":"44f0e1e7-64c0-5f6a-ba2c-d40ad249e271","name":"WBS_09B_05_03"}
{"uuid":"8b8b0285-db3d-5e4a-89ae-939822698a3a","descriptionBoxUUID":"3a74fc9b-2acb-5b0b-9fd3-96e192be97e7","singletonConceptClassifierUUID":"44f0e1e7-64c0-5f6a-ba2c-d40ad249e271","name":"WBS_09A_03_03"}
{"uuid":"8bef96ab-9198-50d1-978a-e1c3d5c5a9fe","descriptionBoxUUID":"3a74fc9b-2acb-5b0b-9fd3-96e192be97e7","singletonConceptClassifierUUID":"6a2f84ff-8577-5daf-9eaa-c2958398201d","name":"ACS_Subsystem"}
{"uuid":"8c079d71-1aa2-56be-9c4b-8ffd7ef71bf4","descriptionBoxUUID":"3a74fc9b-2acb-5b0b-9fd3-96e192be97e7","singletonConceptClassifierUUID":"44f0e1e7-64c0-5f6a-ba2c-d40ad249e271","name":"WBS_05_04_09"}
{"uuid":"8ccf98a1-aecd-5dfb-a54b-f313cca48285","descriptionBoxUUID":"3a74fc9b-2acb-5b0b-9fd3-96e192be97e7","singletonConceptClassifierUUID":"44f0e1e7-64c0-5f6a-ba2c-d40ad249e271","name":"WBS_06_02_02"}
{"uuid":"8ec74cb4-179c-53fe-9544-8cabf6c0e154","descriptionBoxUUID":"3a74fc9b-2acb-5b0b-9fd3-96e192be97e7","singletonConceptClassifierUUID":"44f0e1e7-64c0-5f6a-ba2c-d40ad249e271","name":"WBS_10_04"}
{"uuid":"8fede0fb-9d51-5551-9a1e-97f86f732439","descriptionBoxUUID":"3a74fc9b-2acb-5b0b-9fd3-96e192be97e7","singletonConceptClassifierUUID":"44f0e1e7-64c0-5f6a-ba2c-d40ad249e271","name":"WBS_05_04_08"}
{"uuid":"90131246-f861-59fc-8aaf-4f3dc0d2bf07","descriptionBoxUUID":"3a74fc9b-2acb-5b0b-9fd3-96e192be97e7","singletonConceptClassifierUUID":"44f0e1e7-64c0-5f6a-ba2c-d40ad249e271","name":"WBS_09B_03"}
{"uuid":"90523179-b04a-5ae9-bafc-aa1b4fabc526","descriptionBoxUUID":"3a74fc9b-2acb-5b0b-9fd3-96e192be97e7","singletonConceptClassifierUUID":"6a2f84ff-8577-5daf-9eaa-c2958398201d","name":"MLI"}
{"uuid":"918c23fd-5ffd-5045-8a5c-61dcf9523db5","descriptionBoxUUID":"3a74fc9b-2acb-5b0b-9fd3-96e192be97e7","singletonConceptClassifierUUID":"44f0e1e7-64c0-5f6a-ba2c-d40ad249e271","name":"WBS_06_01"}
{"uuid":"939251a0-e56a-5fe2-8db3-0f2edb126865","descriptionBoxUUID":"3a74fc9b-2acb-5b0b-9fd3-96e192be97e7","singletonConceptClassifierUUID":"44f0e1e7-64c0-5f6a-ba2c-d40ad249e271","name":"WBS_10_10"}
{"uuid":"93a89f13-8331-5ac3-9398-d76d09727ab5","descriptionBoxUUID":"3a74fc9b-2acb-5b0b-9fd3-96e192be97e7","singletonConceptClassifierUUID":"44f0e1e7-64c0-5f6a-ba2c-d40ad249e271","name":"WBS_01_03"}
{"uuid":"94168174-7ba8-5df4-8252-915f97d9f46e","descriptionBoxUUID":"3a74fc9b-2acb-5b0b-9fd3-96e192be97e7","singletonConceptClassifierUUID":"44f0e1e7-64c0-5f6a-ba2c-d40ad249e271","name":"WBS_02_06_02"}
{"uuid":"94c49412-6374-5c0c-90cd-76abe8186300","descriptionBoxUUID":"3a74fc9b-2acb-5b0b-9fd3-96e192be97e7","singletonConceptClassifierUUID":"44f0e1e7-64c0-5f6a-ba2c-d40ad249e271","name":"WBS_04_05_01"}
{"uuid":"955baab5-6db9-5fa8-9484-6ff39d63209b","descriptionBoxUUID":"3a74fc9b-2acb-5b0b-9fd3-96e192be97e7","singletonConceptClassifierUUID":"44f0e1e7-64c0-5f6a-ba2c-d40ad249e271","name":"WBS_06_11_05"}
{"uuid":"96a408d3-b838-5656-9a04-61a640f9a9cf","descriptionBoxUUID":"3a74fc9b-2acb-5b0b-9fd3-96e192be97e7","singletonConceptClassifierUUID":"44f0e1e7-64c0-5f6a-ba2c-d40ad249e271","name":"WBS_06_05_03"}
{"uuid":"989c6036-252e-5c8e-8834-e46e44df9706","descriptionBoxUUID":"3a74fc9b-2acb-5b0b-9fd3-96e192be97e7","singletonConceptClassifierUUID":"6a2f84ff-8577-5daf-9eaa-c2958398201d","name":"Power_Subsystem"}
{"uuid":"997d811f-9786-5d53-aed5-916becfdf174","descriptionBoxUUID":"3a74fc9b-2acb-5b0b-9fd3-96e192be97e7","singletonConceptClassifierUUID":"44f0e1e7-64c0-5f6a-ba2c-d40ad249e271","name":"WBS_05_05"}
{"uuid":"99cb6643-1ef6-5a32-99fc-a350e21815c7","descriptionBoxUUID":"3a74fc9b-2acb-5b0b-9fd3-96e192be97e7","singletonConceptClassifierUUID":"6a2f84ff-8577-5daf-9eaa-c2958398201d","name":"PPU_Radiator"}
{"uuid":"9cd86884-a944-5dae-aa2a-12a22f2650e5","descriptionBoxUUID":"3a74fc9b-2acb-5b0b-9fd3-96e192be97e7","singletonConceptClassifierUUID":"44f0e1e7-64c0-5f6a-ba2c-d40ad249e271","name":"WBS_01_05"}
{"uuid":"9e5fba1f-74c6-5579-b24a-aed56f48df42","descriptionBoxUUID":"3a74fc9b-2acb-5b0b-9fd3-96e192be97e7","singletonConceptClassifierUUID":"44f0e1e7-64c0-5f6a-ba2c-d40ad249e271","name":"WBS_10_12"}
{"uuid":"9fbdbee4-1da0-5ed6-ab1a-e854bce6e8ce","descriptionBoxUUID":"3a74fc9b-2acb-5b0b-9fd3-96e192be97e7","singletonConceptClassifierUUID":"44f0e1e7-64c0-5f6a-ba2c-d40ad249e271","name":"WBS_05_20_06"}
{"uuid":"a1724a39-0eb8-55ea-8b29-b9f96fd2fda2","descriptionBoxUUID":"3a74fc9b-2acb-5b0b-9fd3-96e192be97e7","singletonConceptClassifierUUID":"44f0e1e7-64c0-5f6a-ba2c-d40ad249e271","name":"WBS_03_09"}
{"uuid":"a18c20c3-09c3-5457-8f8a-f2f92f759ef0","descriptionBoxUUID":"3a74fc9b-2acb-5b0b-9fd3-96e192be97e7","singletonConceptClassifierUUID":"44f0e1e7-64c0-5f6a-ba2c-d40ad249e271","name":"WBS_05_06_01"}
{"uuid":"a1bb8d2b-aae6-5f76-8387-d7002a8097cf","descriptionBoxUUID":"3a74fc9b-2acb-5b0b-9fd3-96e192be97e7","singletonConceptClassifierUUID":"44f0e1e7-64c0-5f6a-ba2c-d40ad249e271","name":"WBS_04_02_02_02"}
{"uuid":"a365b57f-009e-559d-8440-f87f1e4e19aa","descriptionBoxUUID":"3a74fc9b-2acb-5b0b-9fd3-96e192be97e7","singletonConceptClassifierUUID":"44f0e1e7-64c0-5f6a-ba2c-d40ad249e271","name":"WBS_05_06_02"}
{"uuid":"a42151c0-750c-53f9-9859-c5bfefcba855","descriptionBoxUUID":"3a74fc9b-2acb-5b0b-9fd3-96e192be97e7","singletonConceptClassifierUUID":"44f0e1e7-64c0-5f6a-ba2c-d40ad249e271","name":"WBS_06_10_06"}
{"uuid":"a456da29-31f6-5903-9b0c-6e49696d383c","descriptionBoxUUID":"3a74fc9b-2acb-5b0b-9fd3-96e192be97e7","singletonConceptClassifierUUID":"44f0e1e7-64c0-5f6a-ba2c-d40ad249e271","name":"WBS_06_09_05"}
{"uuid":"a5592159-1191-5db8-9ee1-344791b66aec","descriptionBoxUUID":"3a74fc9b-2acb-5b0b-9fd3-96e192be97e7","singletonConceptClassifierUUID":"6a2f84ff-8577-5daf-9eaa-c2958398201d","name":"Telecom_Subsystem"}
{"uuid":"a67d23ca-1a2b-5275-a654-e22215b23be8","descriptionBoxUUID":"3a74fc9b-2acb-5b0b-9fd3-96e192be97e7","singletonConceptClassifierUUID":"44f0e1e7-64c0-5f6a-ba2c-d40ad249e271","name":"WBS_03_04_02_01"}
{"uuid":"a852d799-d0ef-5fd2-88c0-53521a930a65","descriptionBoxUUID":"3a74fc9b-2acb-5b0b-9fd3-96e192be97e7","singletonConceptClassifierUUID":"44f0e1e7-64c0-5f6a-ba2c-d40ad249e271","name":"WBS_10_05"}
{"uuid":"a8f1ecd4-b18b-53e0-b5b4-e9f835d84ae8","descriptionBoxUUID":"3a74fc9b-2acb-5b0b-9fd3-96e192be97e7","singletonConceptClassifierUUID":"44f0e1e7-64c0-5f6a-ba2c-d40ad249e271","name":"WBS_02_04"}
{"uuid":"aa6c7075-e778-572e-839e-bb3262268c4f","descriptionBoxUUID":"3a74fc9b-2acb-5b0b-9fd3-96e192be97e7","singletonConceptClassifierUUID":"44f0e1e7-64c0-5f6a-ba2c-d40ad249e271","name":"WBS_01_04_02"}
{"uuid":"aab7a6d1-12b0-5b72-bd0e-bdc2146740c0","descriptionBoxUUID":"3a74fc9b-2acb-5b0b-9fd3-96e192be97e7","singletonConceptClassifierUUID":"44f0e1e7-64c0-5f6a-ba2c-d40ad249e271","name":"WBS_09B_05_01"}
{"uuid":"ab09ce2f-e45f-5ff0-b381-9b76e32f059e","descriptionBoxUUID":"3a74fc9b-2acb-5b0b-9fd3-96e192be97e7","singletonConceptClassifierUUID":"44f0e1e7-64c0-5f6a-ba2c-d40ad249e271","name":"WBS_02_09"}
{"uuid":"ab1876cc-637c-574e-83f5-0498735a4036","descriptionBoxUUID":"3a74fc9b-2acb-5b0b-9fd3-96e192be97e7","singletonConceptClassifierUUID":"44f0e1e7-64c0-5f6a-ba2c-d40ad249e271","name":"WBS_03_06_01_01"}
{"uuid":"abe35c7b-5f4f-5b91-afca-89e570836932","descriptionBoxUUID":"3a74fc9b-2acb-5b0b-9fd3-96e192be97e7","singletonConceptClassifierUUID":"44f0e1e7-64c0-5f6a-ba2c-d40ad249e271","name":"WBS_03_05_02"}
{"uuid":"ac9e62ce-ebd0-5744-a5d4-285433c71d68","descriptionBoxUUID":"3a74fc9b-2acb-5b0b-9fd3-96e192be97e7","singletonConceptClassifierUUID":"6a2f84ff-8577-5daf-9eaa-c2958398201d","name":"CDS_Subsystem"}
{"uuid":"ae7acc9f-d3f4-5821-9f44-b5ad69352803","descriptionBoxUUID":"3a74fc9b-2acb-5b0b-9fd3-96e192be97e7","singletonConceptClassifierUUID":"44f0e1e7-64c0-5f6a-ba2c-d40ad249e271","name":"WBS_05_21_to_05_29"}
{"uuid":"aed42bd3-40d9-5c7a-b99f-fc084e09b28b","descriptionBoxUUID":"3a74fc9b-2acb-5b0b-9fd3-96e192be97e7","singletonConceptClassifierUUID":"44f0e1e7-64c0-5f6a-ba2c-d40ad249e271","name":"WBS_09A_04_04"}
{"uuid":"af9c30eb-d9ed-538d-b8f1-cc55242a67f3","descriptionBoxUUID":"3a74fc9b-2acb-5b0b-9fd3-96e192be97e7","singletonConceptClassifierUUID":"44f0e1e7-64c0-5f6a-ba2c-d40ad249e271","name":"WBS_05_04_04"}
{"uuid":"b2b80a70-6708-5c4f-8405-75b463229aec","descriptionBoxUUID":"3a74fc9b-2acb-5b0b-9fd3-96e192be97e7","singletonConceptClassifierUUID":"44f0e1e7-64c0-5f6a-ba2c-d40ad249e271","name":"WBS_07_07_04"}
{"uuid":"b31ac6e5-164b-57b8-9f8e-71791380ad0e","descriptionBoxUUID":"3a74fc9b-2acb-5b0b-9fd3-96e192be97e7","singletonConceptClassifierUUID":"44f0e1e7-64c0-5f6a-ba2c-d40ad249e271","name":"WBS_06_12_07"}
{"uuid":"b4123895-8380-5960-a6f1-3fd3bb86070b","descriptionBoxUUID":"3a74fc9b-2acb-5b0b-9fd3-96e192be97e7","singletonConceptClassifierUUID":"44f0e1e7-64c0-5f6a-ba2c-d40ad249e271","name":"WBS_03_04_01_02"}
{"uuid":"b460b114-ee2d-5819-80a0-e995069b073f","descriptionBoxUUID":"3a74fc9b-2acb-5b0b-9fd3-96e192be97e7","singletonConceptClassifierUUID":"44f0e1e7-64c0-5f6a-ba2c-d40ad249e271","name":"WBS_06_04_08"}
{"uuid":"b4a61578-ae47-5e95-be35-b0f0dd96b98f","descriptionBoxUUID":"3a74fc9b-2acb-5b0b-9fd3-96e192be97e7","singletonConceptClassifierUUID":"44f0e1e7-64c0-5f6a-ba2c-d40ad249e271","name":"WBS_05_04_12"}
{"uuid":"b51d7c7f-0016-58ce-8bcf-dd1469c503cf","descriptionBoxUUID":"3a74fc9b-2acb-5b0b-9fd3-96e192be97e7","singletonConceptClassifierUUID":"44f0e1e7-64c0-5f6a-ba2c-d40ad249e271","name":"WBS_01_06_04"}
{"uuid":"b52868be-e535-5d5c-86eb-1240decece40","descriptionBoxUUID":"3a74fc9b-2acb-5b0b-9fd3-96e192be97e7","singletonConceptClassifierUUID":"44f0e1e7-64c0-5f6a-ba2c-d40ad249e271","name":"WBS_06_07_08"}
{"uuid":"b6e8ead4-e2e8-5f9c-a648-00ef059b8d9e","descriptionBoxUUID":"3a74fc9b-2acb-5b0b-9fd3-96e192be97e7","singletonConceptClassifierUUID":"44f0e1e7-64c0-5f6a-ba2c-d40ad249e271","name":"WBS_06_06_05"}
{"uuid":"b7bd69a6-f8bb-5a8d-87e1-5e8c4ea8c09b","descriptionBoxUUID":"3a74fc9b-2acb-5b0b-9fd3-96e192be97e7","singletonConceptClassifierUUID":"44f0e1e7-64c0-5f6a-ba2c-d40ad249e271","name":"WBS_07"}
{"uuid":"b7bfe23f-95c2-5ef9-98b9-f356dbc0f9ab","descriptionBoxUUID":"3a74fc9b-2acb-5b0b-9fd3-96e192be97e7","singletonConceptClassifierUUID":"44f0e1e7-64c0-5f6a-ba2c-d40ad249e271","name":"WBS_12_01"}
{"uuid":"b8fb75fa-7c7b-5e8e-acdc-172723a49560","descriptionBoxUUID":"3a74fc9b-2acb-5b0b-9fd3-96e192be97e7","singletonConceptClassifierUUID":"44f0e1e7-64c0-5f6a-ba2c-d40ad249e271","name":"WBS_06_08_03"}
{"uuid":"b9bd137e-835d-595e-8755-b00cd7dddf91","descriptionBoxUUID":"3a74fc9b-2acb-5b0b-9fd3-96e192be97e7","singletonConceptClassifierUUID":"44f0e1e7-64c0-5f6a-ba2c-d40ad249e271","name":"WBS_03_07"}
{"uuid":"b9ecb890-51ef-59a9-8a9e-04785b0d304a","descriptionBoxUUID":"3a74fc9b-2acb-5b0b-9fd3-96e192be97e7","singletonConceptClassifierUUID":"44f0e1e7-64c0-5f6a-ba2c-d40ad249e271","name":"WBS_06_06_06"}
{"uuid":"be757d4e-e522-54a1-bac1-feb7cf026eea","descriptionBoxUUID":"3a74fc9b-2acb-5b0b-9fd3-96e192be97e7","singletonConceptClassifierUUID":"44f0e1e7-64c0-5f6a-ba2c-d40ad249e271","name":"WBS_07_05_01"}
{"uuid":"bf513168-5f43-53a8-a685-742fdc34c003","descriptionBoxUUID":"3a74fc9b-2acb-5b0b-9fd3-96e192be97e7","singletonConceptClassifierUUID":"44f0e1e7-64c0-5f6a-ba2c-d40ad249e271","name":"WBS_04_03_02"}
{"uuid":"c096c02d-d942-5a61-ab05-c87ebcab8f0d","descriptionBoxUUID":"3a74fc9b-2acb-5b0b-9fd3-96e192be97e7","singletonConceptClassifierUUID":"44f0e1e7-64c0-5f6a-ba2c-d40ad249e271","name":"WBS_07_06_02"}
{"uuid":"c2552fb5-661e-52f1-b1ee-cd254acff301","descriptionBoxUUID":"3a74fc9b-2acb-5b0b-9fd3-96e192be97e7","singletonConceptClassifierUUID":"44f0e1e7-64c0-5f6a-ba2c-d40ad249e271","name":"WBS_05_20_10"}
{"uuid":"c375845f-e03f-5461-b830-96ad18160ea1","descriptionBoxUUID":"3a74fc9b-2acb-5b0b-9fd3-96e192be97e7","singletonConceptClassifierUUID":"44f0e1e7-64c0-5f6a-ba2c-d40ad249e271","name":"WBS_05_04_01"}
{"uuid":"c5f09e89-c48e-53dd-b86f-9677c1d9f661","descriptionBoxUUID":"3a74fc9b-2acb-5b0b-9fd3-96e192be97e7","singletonConceptClassifierUUID":"44f0e1e7-64c0-5f6a-ba2c-d40ad249e271","name":"WBS_06_12"}
{"uuid":"c65e71a1-2b08-5ff8-bd6f-5922f364ab60","descriptionBoxUUID":"3a74fc9b-2acb-5b0b-9fd3-96e192be97e7","singletonConceptClassifierUUID":"44f0e1e7-64c0-5f6a-ba2c-d40ad249e271","name":"WBS_04_02_01_03"}
{"uuid":"c6e3f0a5-7904-5222-8761-61c748ebd56b","descriptionBoxUUID":"3a74fc9b-2acb-5b0b-9fd3-96e192be97e7","singletonConceptClassifierUUID":"44f0e1e7-64c0-5f6a-ba2c-d40ad249e271","name":"WBS_05_06_03"}
{"uuid":"c715c0c6-bec2-5333-ab3d-f1c5b266c5d5","descriptionBoxUUID":"3a74fc9b-2acb-5b0b-9fd3-96e192be97e7","singletonConceptClassifierUUID":"44f0e1e7-64c0-5f6a-ba2c-d40ad249e271","name":"WBS_01_06_02"}
{"uuid":"c86c8d7e-09ca-53c3-9972-7b7a7bf7d75f","descriptionBoxUUID":"3a74fc9b-2acb-5b0b-9fd3-96e192be97e7","singletonConceptClassifierUUID":"6a2f84ff-8577-5daf-9eaa-c2958398201d","name":"Shielding"}
{"uuid":"ca778b2c-36fa-5d91-bfa7-4c762c1922fb","descriptionBoxUUID":"3a74fc9b-2acb-5b0b-9fd3-96e192be97e7","singletonConceptClassifierUUID":"44f0e1e7-64c0-5f6a-ba2c-d40ad249e271","name":"WBS_03_01"}
{"uuid":"cae7e792-a854-5ea3-9f6a-2c8df4751635","descriptionBoxUUID":"3a74fc9b-2acb-5b0b-9fd3-96e192be97e7","singletonConceptClassifierUUID":"44f0e1e7-64c0-5f6a-ba2c-d40ad249e271","name":"WBS_06_11_06"}
{"uuid":"cb14d150-5580-5e35-9647-577c75594449","descriptionBoxUUID":"3a74fc9b-2acb-5b0b-9fd3-96e192be97e7","singletonConceptClassifierUUID":"6a2f84ff-8577-5daf-9eaa-c2958398201d","name":"KNM5x0_5_021115"}
{"uuid":"cc0e8204-6371-59d6-ab5c-808013536bab","descriptionBoxUUID":"3a74fc9b-2acb-5b0b-9fd3-96e192be97e7","singletonConceptClassifierUUID":"44f0e1e7-64c0-5f6a-ba2c-d40ad249e271","name":"WBS_09A_02_03"}
{"uuid":"cc1c624d-803a-57c5-bb0d-2c462fb68540","descriptionBoxUUID":"3a74fc9b-2acb-5b0b-9fd3-96e192be97e7","singletonConceptClassifierUUID":"44f0e1e7-64c0-5f6a-ba2c-d40ad249e271","name":"WBS_06_05"}
{"uuid":"cc238c50-a2e3-5a8b-83d5-f3551f4940ca","descriptionBoxUUID":"3a74fc9b-2acb-5b0b-9fd3-96e192be97e7","singletonConceptClassifierUUID":"44f0e1e7-64c0-5f6a-ba2c-d40ad249e271","name":"WBS_06_04_05"}
{"uuid":"cc621b21-ad56-549b-b6aa-f7656c553879","descriptionBoxUUID":"3a74fc9b-2acb-5b0b-9fd3-96e192be97e7","singletonConceptClassifierUUID":"44f0e1e7-64c0-5f6a-ba2c-d40ad249e271","name":"WBS_11_05"}
{"uuid":"ce35dc1f-192e-50e1-bd8d-462b9d7df8a6","descriptionBoxUUID":"3a74fc9b-2acb-5b0b-9fd3-96e192be97e7","singletonConceptClassifierUUID":"44f0e1e7-64c0-5f6a-ba2c-d40ad249e271","name":"WBS_05_20_02"}
{"uuid":"ce536617-f2bf-523b-93a6-c75d8d85969c","descriptionBoxUUID":"3a74fc9b-2acb-5b0b-9fd3-96e192be97e7","singletonConceptClassifierUUID":"44f0e1e7-64c0-5f6a-ba2c-d40ad249e271","name":"WBS_04_02"}
{"uuid":"cf2c9b8f-50a6-590e-a66e-90d28f7c22f5","descriptionBoxUUID":"3a74fc9b-2acb-5b0b-9fd3-96e192be97e7","singletonConceptClassifierUUID":"44f0e1e7-64c0-5f6a-ba2c-d40ad249e271","name":"WBS_02_01_01"}
{"uuid":"cfa1401b-a6be-5efc-954f-87424c0cbf69","descriptionBoxUUID":"3a74fc9b-2acb-5b0b-9fd3-96e192be97e7","singletonConceptClassifierUUID":"44f0e1e7-64c0-5f6a-ba2c-d40ad249e271","name":"WBS_06_06"}
{"uuid":"d02558e7-2c05-50e4-8c0f-d15ac49c4feb","descriptionBoxUUID":"3a74fc9b-2acb-5b0b-9fd3-96e192be97e7","singletonConceptClassifierUUID":"44f0e1e7-64c0-5f6a-ba2c-d40ad249e271","name":"WBS_06_15_01_03"}
{"uuid":"d089a440-1ac1-5a29-9796-7f4437a5f014","descriptionBoxUUID":"3a74fc9b-2acb-5b0b-9fd3-96e192be97e7","singletonConceptClassifierUUID":"44f0e1e7-64c0-5f6a-ba2c-d40ad249e271","name":"WBS_09A"}
{"uuid":"d1733f2c-ebac-5324-9f24-0adcd6e58ba7","descriptionBoxUUID":"3a74fc9b-2acb-5b0b-9fd3-96e192be97e7","singletonConceptClassifierUUID":"44f0e1e7-64c0-5f6a-ba2c-d40ad249e271","name":"WBS_10_08"}
{"uuid":"d1925414-38f1-5ba7-8554-0274b597ef56","descriptionBoxUUID":"3a74fc9b-2acb-5b0b-9fd3-96e192be97e7","singletonConceptClassifierUUID":"6a2f84ff-8577-5daf-9eaa-c2958398201d","name":"Spacecraft"}
{"uuid":"d1da8807-a1f9-5ab9-b9ec-915dd31268fe","descriptionBoxUUID":"3a74fc9b-2acb-5b0b-9fd3-96e192be97e7","singletonConceptClassifierUUID":"44f0e1e7-64c0-5f6a-ba2c-d40ad249e271","name":"WBS_06_08_02"}
{"uuid":"d2501179-786e-5431-a5a1-18af5833c3dc","descriptionBoxUUID":"3a74fc9b-2acb-5b0b-9fd3-96e192be97e7","singletonConceptClassifierUUID":"44f0e1e7-64c0-5f6a-ba2c-d40ad249e271","name":"WBS_06_05_05"}
{"uuid":"d404ba21-c70f-5082-b9a4-66c91841faff","descriptionBoxUUID":"3a74fc9b-2acb-5b0b-9fd3-96e192be97e7","singletonConceptClassifierUUID":"44f0e1e7-64c0-5f6a-ba2c-d40ad249e271","name":"WBS_04_05_03"}
{"uuid":"d479c68e-d563-56bf-a67d-a263d98b59cd","descriptionBoxUUID":"3a74fc9b-2acb-5b0b-9fd3-96e192be97e7","singletonConceptClassifierUUID":"6a2f84ff-8577-5daf-9eaa-c2958398201d","name":"NA0069_040016_021115"}
{"uuid":"d51a112a-da96-51cb-a65e-74a0a321463d","descriptionBoxUUID":"3a74fc9b-2acb-5b0b-9fd3-96e192be97e7","singletonConceptClassifierUUID":"44f0e1e7-64c0-5f6a-ba2c-d40ad249e271","name":"WBS_07_02_01"}
{"uuid":"d544f454-d5cd-5436-93b6-d36fe1ee9513","descriptionBoxUUID":"3a74fc9b-2acb-5b0b-9fd3-96e192be97e7","singletonConceptClassifierUUID":"44f0e1e7-64c0-5f6a-ba2c-d40ad249e271","name":"WBS_06_07_04"}
{"uuid":"d6aabf8d-2d88-5f5a-8d98-944256bd2173","descriptionBoxUUID":"3a74fc9b-2acb-5b0b-9fd3-96e192be97e7","singletonConceptClassifierUUID":"44f0e1e7-64c0-5f6a-ba2c-d40ad249e271","name":"WBS_01_01"}
{"uuid":"d79f9852-d865-5a81-b81a-595d3b92af65","descriptionBoxUUID":"3a74fc9b-2acb-5b0b-9fd3-96e192be97e7","singletonConceptClassifierUUID":"44f0e1e7-64c0-5f6a-ba2c-d40ad249e271","name":"WBS_04_03_05"}
{"uuid":"d839d647-349f-5f61-b5bc-81c5ae0ee9bd","descriptionBoxUUID":"3a74fc9b-2acb-5b0b-9fd3-96e192be97e7","singletonConceptClassifierUUID":"44f0e1e7-64c0-5f6a-ba2c-d40ad249e271","name":"WBS_06_10"}
{"uuid":"d85a9c93-b36b-5af2-bce6-c3a6b58d042a","descriptionBoxUUID":"3a74fc9b-2acb-5b0b-9fd3-96e192be97e7","singletonConceptClassifierUUID":"44f0e1e7-64c0-5f6a-ba2c-d40ad249e271","name":"WBS_07_02"}
{"uuid":"da3a624e-3c5d-53c9-9bd0-99d19ce3a062","descriptionBoxUUID":"3a74fc9b-2acb-5b0b-9fd3-96e192be97e7","singletonConceptClassifierUUID":"44f0e1e7-64c0-5f6a-ba2c-d40ad249e271","name":"WBS_06_09_03"}
{"uuid":"dc0cbfcd-017b-511b-a1ef-2f1cbd36d155","descriptionBoxUUID":"3a74fc9b-2acb-5b0b-9fd3-96e192be97e7","singletonConceptClassifierUUID":"44f0e1e7-64c0-5f6a-ba2c-d40ad249e271","name":"WBS_12_03"}
{"uuid":"ddb17a26-2b9e-5c9e-ace3-211d14010adb","descriptionBoxUUID":"3a74fc9b-2acb-5b0b-9fd3-96e192be97e7","singletonConceptClassifierUUID":"44f0e1e7-64c0-5f6a-ba2c-d40ad249e271","name":"WBS_05_06"}
{"uuid":"de1bc8ec-bdb8-5858-9413-25f9ab902500","descriptionBoxUUID":"3a74fc9b-2acb-5b0b-9fd3-96e192be97e7","singletonConceptClassifierUUID":"44f0e1e7-64c0-5f6a-ba2c-d40ad249e271","name":"WBS_02_05_02"}
{"uuid":"de556d22-ac74-5d60-810a-0db9c1407fcc","descriptionBoxUUID":"3a74fc9b-2acb-5b0b-9fd3-96e192be97e7","singletonConceptClassifierUUID":"44f0e1e7-64c0-5f6a-ba2c-d40ad249e271","name":"WBS_06_11"}
{"uuid":"de5ccd57-3ecb-5086-b298-fa8a7759f29f","descriptionBoxUUID":"3a74fc9b-2acb-5b0b-9fd3-96e192be97e7","singletonConceptClassifierUUID":"44f0e1e7-64c0-5f6a-ba2c-d40ad249e271","name":"WBS_05_04_05"}
{"uuid":"de9d3bb2-4b2f-5cf9-8fcc-d068856117f0","descriptionBoxUUID":"3a74fc9b-2acb-5b0b-9fd3-96e192be97e7","singletonConceptClassifierUUID":"44f0e1e7-64c0-5f6a-ba2c-d40ad249e271","name":"WBS_03_04_02_02"}
{"uuid":"e13d1773-1ea4-5dc1-b00c-2d7891252be8","descriptionBoxUUID":"3a74fc9b-2acb-5b0b-9fd3-96e192be97e7","singletonConceptClassifierUUID":"44f0e1e7-64c0-5f6a-ba2c-d40ad249e271","name":"WBS_12_04"}
{"uuid":"e261a173-a82e-5cad-bee1-fd4ec87c3c65","descriptionBoxUUID":"3a74fc9b-2acb-5b0b-9fd3-96e192be97e7","singletonConceptClassifierUUID":"44f0e1e7-64c0-5f6a-ba2c-d40ad249e271","name":"WBS_09B_02"}
{"uuid":"e2cdffdd-0ffb-5713-807d-9a2959b62c7b","descriptionBoxUUID":"3a74fc9b-2acb-5b0b-9fd3-96e192be97e7","singletonConceptClassifierUUID":"44f0e1e7-64c0-5f6a-ba2c-d40ad249e271","name":"WBS_09A_04_01"}
{"uuid":"e3693fba-8217-5a9a-8b97-378c7ad8773c","descriptionBoxUUID":"3a74fc9b-2acb-5b0b-9fd3-96e192be97e7","singletonConceptClassifierUUID":"6a2f84ff-8577-5daf-9eaa-c2958398201d","name":"MLH_MMP_CHK_Instrument_Asm_021115"}
{"uuid":"e36a4072-77d7-51da-9f18-0bf0fecf7bdd","descriptionBoxUUID":"3a74fc9b-2acb-5b0b-9fd3-96e192be97e7","singletonConceptClassifierUUID":"44f0e1e7-64c0-5f6a-ba2c-d40ad249e271","name":"WBS_11_03"}
{"uuid":"e3aac594-dfd9-51a6-b3f1-8b9f04f933aa","descriptionBoxUUID":"3a74fc9b-2acb-5b0b-9fd3-96e192be97e7","singletonConceptClassifierUUID":"44f0e1e7-64c0-5f6a-ba2c-d40ad249e271","name":"WBS_05_32"}
{"uuid":"e3cff063-f45b-593a-a128-acf06557eb75","descriptionBoxUUID":"3a74fc9b-2acb-5b0b-9fd3-96e192be97e7","singletonConceptClassifierUUID":"44f0e1e7-64c0-5f6a-ba2c-d40ad249e271","name":"WBS_05_04_07"}
{"uuid":"e3dc767b-d928-5cbf-82e0-8a81a8c6b547","descriptionBoxUUID":"3a74fc9b-2acb-5b0b-9fd3-96e192be97e7","singletonConceptClassifierUUID":"44f0e1e7-64c0-5f6a-ba2c-d40ad249e271","name":"WBS_03_06_02"}
{"uuid":"e508965b-3ba1-5088-9565-10f168dd5ca4","descriptionBoxUUID":"3a74fc9b-2acb-5b0b-9fd3-96e192be97e7","singletonConceptClassifierUUID":"44f0e1e7-64c0-5f6a-ba2c-d40ad249e271","name":"WBS_01_06_01"}
{"uuid":"e6d7a017-14b6-58d6-be11-5047b3e1355e","descriptionBoxUUID":"3a74fc9b-2acb-5b0b-9fd3-96e192be97e7","singletonConceptClassifierUUID":"44f0e1e7-64c0-5f6a-ba2c-d40ad249e271","name":"WBS_03_02"}
{"uuid":"e6e17570-c1e3-5166-9a02-aa68edb4300a","descriptionBoxUUID":"3a74fc9b-2acb-5b0b-9fd3-96e192be97e7","singletonConceptClassifierUUID":"44f0e1e7-64c0-5f6a-ba2c-d40ad249e271","name":"WBS_06_04_03"}
{"uuid":"e737f3d1-2474-50de-8c39-08dec004e1e7","descriptionBoxUUID":"3a74fc9b-2acb-5b0b-9fd3-96e192be97e7","singletonConceptClassifierUUID":"44f0e1e7-64c0-5f6a-ba2c-d40ad249e271","name":"WBS_09B_03_01"}
{"uuid":"e7b179b4-31e2-5b8f-8d71-cf772c591c20","descriptionBoxUUID":"3a74fc9b-2acb-5b0b-9fd3-96e192be97e7","singletonConceptClassifierUUID":"44f0e1e7-64c0-5f6a-ba2c-d40ad249e271","name":"WBS_07_07_03"}
{"uuid":"e7b5f341-8c42-5ba0-8b29-dfb2830ef58d","descriptionBoxUUID":"3a74fc9b-2acb-5b0b-9fd3-96e192be97e7","singletonConceptClassifierUUID":"44f0e1e7-64c0-5f6a-ba2c-d40ad249e271","name":"WBS_04_03_03"}
{"uuid":"ea0105fe-9768-53f1-ad26-34164ee84486","descriptionBoxUUID":"3a74fc9b-2acb-5b0b-9fd3-96e192be97e7","singletonConceptClassifierUUID":"44f0e1e7-64c0-5f6a-ba2c-d40ad249e271","name":"WBS_09B"}
{"uuid":"ea170f6b-459a-581a-b259-5f3b9565d9d8","descriptionBoxUUID":"3a74fc9b-2acb-5b0b-9fd3-96e192be97e7","singletonConceptClassifierUUID":"6a2f84ff-8577-5daf-9eaa-c2958398201d","name":"MLH_MMP_CHK_Panel_2_021115"}
{"uuid":"eb133b8b-5fe2-5b2c-bf95-82081f016828","descriptionBoxUUID":"3a74fc9b-2acb-5b0b-9fd3-96e192be97e7","singletonConceptClassifierUUID":"44f0e1e7-64c0-5f6a-ba2c-d40ad249e271","name":"WBS_09A_02"}
{"uuid":"ebc0324c-d6be-5f91-9c90-b74115844f26","descriptionBoxUUID":"3a74fc9b-2acb-5b0b-9fd3-96e192be97e7","singletonConceptClassifierUUID":"44f0e1e7-64c0-5f6a-ba2c-d40ad249e271","name":"WBS_07_03"}
{"uuid":"ebca0ab6-5994-5e4f-a0c4-adb92fed9d32","descriptionBoxUUID":"3a74fc9b-2acb-5b0b-9fd3-96e192be97e7","singletonConceptClassifierUUID":"44f0e1e7-64c0-5f6a-ba2c-d40ad249e271","name":"WBS_06_06_08"}
{"uuid":"ebd6aca3-8d7d-5c07-aa02-88ebeb9d5132","descriptionBoxUUID":"3a74fc9b-2acb-5b0b-9fd3-96e192be97e7","singletonConceptClassifierUUID":"6a2f84ff-8577-5daf-9eaa-c2958398201d","name":"Mechanical_Subsystem"}
{"uuid":"ec0e35b6-5ba7-58e3-9378-bacf375c9054","descriptionBoxUUID":"3a74fc9b-2acb-5b0b-9fd3-96e192be97e7","singletonConceptClassifierUUID":"44f0e1e7-64c0-5f6a-ba2c-d40ad249e271","name":"WBS_05_06_05"}
{"uuid":"ed92a22e-2b5a-50c0-9f55-d19fa8f2b163","descriptionBoxUUID":"3a74fc9b-2acb-5b0b-9fd3-96e192be97e7","singletonConceptClassifierUUID":"44f0e1e7-64c0-5f6a-ba2c-d40ad249e271","name":"WBS_12"}
{"uuid":"ee745c50-2352-51d1-ab09-db6bc90f08ff","descriptionBoxUUID":"3a74fc9b-2acb-5b0b-9fd3-96e192be97e7","singletonConceptClassifierUUID":"44f0e1e7-64c0-5f6a-ba2c-d40ad249e271","name":"WBS_05_03"}
{"uuid":"ee7e7ac8-e746-52e5-aba6-d0999d67ce70","descriptionBoxUUID":"3a74fc9b-2acb-5b0b-9fd3-96e192be97e7","singletonConceptClassifierUUID":"44f0e1e7-64c0-5f6a-ba2c-d40ad249e271","name":"WBS_06_04_02"}
{"uuid":"eecfa35e-9e9f-5d06-9d92-b8897fd9f4e1","descriptionBoxUUID":"3a74fc9b-2acb-5b0b-9fd3-96e192be97e7","singletonConceptClassifierUUID":"44f0e1e7-64c0-5f6a-ba2c-d40ad249e271","name":"WBS_09A_03_07"}
{"uuid":"ef99dd66-1d71-5ac9-9b6a-3c6384372084","descriptionBoxUUID":"3a74fc9b-2acb-5b0b-9fd3-96e192be97e7","singletonConceptClassifierUUID":"44f0e1e7-64c0-5f6a-ba2c-d40ad249e271","name":"WBS_09A_04_02"}
{"uuid":"f0512e38-c2dc-5fd2-a405-e63c3249b65d","descriptionBoxUUID":"3a74fc9b-2acb-5b0b-9fd3-96e192be97e7","singletonConceptClassifierUUID":"44f0e1e7-64c0-5f6a-ba2c-d40ad249e271","name":"WBS_03_07_02"}
{"uuid":"f0911bbf-b88d-5b7e-970b-2670eed6f0c5","descriptionBoxUUID":"3a74fc9b-2acb-5b0b-9fd3-96e192be97e7","singletonConceptClassifierUUID":"44f0e1e7-64c0-5f6a-ba2c-d40ad249e271","name":"WBS_06_12_02"}
{"uuid":"f0c9e175-7a2a-57cc-b76a-fff8541b60d1","descriptionBoxUUID":"3a74fc9b-2acb-5b0b-9fd3-96e192be97e7","singletonConceptClassifierUUID":"44f0e1e7-64c0-5f6a-ba2c-d40ad249e271","name":"WBS_05_04_11"}
{"uuid":"f1209016-dd14-5c58-9643-f59b038f4a89","descriptionBoxUUID":"3a74fc9b-2acb-5b0b-9fd3-96e192be97e7","singletonConceptClassifierUUID":"44f0e1e7-64c0-5f6a-ba2c-d40ad249e271","name":"WBS_09B_04"}
{"uuid":"f1512562-123a-5352-bde1-4423666dd047","descriptionBoxUUID":"3a74fc9b-2acb-5b0b-9fd3-96e192be97e7","singletonConceptClassifierUUID":"44f0e1e7-64c0-5f6a-ba2c-d40ad249e271","name":"WBS_01_06_03"}
{"uuid":"f1c71092-a58d-5ea6-b31b-472279065ec2","descriptionBoxUUID":"3a74fc9b-2acb-5b0b-9fd3-96e192be97e7","singletonConceptClassifierUUID":"44f0e1e7-64c0-5f6a-ba2c-d40ad249e271","name":"WBS_06_07"}
{"uuid":"f238e5db-06d5-5c09-bbc3-6cc43d45b66b","descriptionBoxUUID":"3a74fc9b-2acb-5b0b-9fd3-96e192be97e7","singletonConceptClassifierUUID":"44f0e1e7-64c0-5f6a-ba2c-d40ad249e271","name":"WBS_06_10_01"}
{"uuid":"f23c5128-49b0-522e-8b2b-855f363f6996","descriptionBoxUUID":"3a74fc9b-2acb-5b0b-9fd3-96e192be97e7","singletonConceptClassifierUUID":"44f0e1e7-64c0-5f6a-ba2c-d40ad249e271","name":"WBS_06_07_09"}
{"uuid":"f2430de2-3669-5dd6-b790-220101630ff8","descriptionBoxUUID":"3a74fc9b-2acb-5b0b-9fd3-96e192be97e7","singletonConceptClassifierUUID":"44f0e1e7-64c0-5f6a-ba2c-d40ad249e271","name":"WBS_01_04_01"}
{"uuid":"f2c92139-7e0e-58ce-88ba-3b24775366ea","descriptionBoxUUID":"3a74fc9b-2acb-5b0b-9fd3-96e192be97e7","singletonConceptClassifierUUID":"44f0e1e7-64c0-5f6a-ba2c-d40ad249e271","name":"WBS_04_02_02_01"}
{"uuid":"f3adce45-fca4-562b-93e5-fb3f432ba6ae","descriptionBoxUUID":"3a74fc9b-2acb-5b0b-9fd3-96e192be97e7","singletonConceptClassifierUUID":"44f0e1e7-64c0-5f6a-ba2c-d40ad249e271","name":"WBS_06"}
{"uuid":"f3e82cba-6ed8-5035-bd00-d08ec3b588bd","descriptionBoxUUID":"3a74fc9b-2acb-5b0b-9fd3-96e192be97e7","singletonConceptClassifierUUID":"44f0e1e7-64c0-5f6a-ba2c-d40ad249e271","name":"WBS_03_03"}
{"uuid":"f59404d1-b1a9-5b0d-9c1f-8e77ab65034c","descriptionBoxUUID":"3a74fc9b-2acb-5b0b-9fd3-96e192be97e7","singletonConceptClassifierUUID":"44f0e1e7-64c0-5f6a-ba2c-d40ad249e271","name":"WBS_05_06_07"}
{"uuid":"f5cd6504-fc1d-56b5-8cad-cc9728077fbb","descriptionBoxUUID":"3a74fc9b-2acb-5b0b-9fd3-96e192be97e7","singletonConceptClassifierUUID":"44f0e1e7-64c0-5f6a-ba2c-d40ad249e271","name":"WBS_09A_01"}
{"uuid":"f5ffce9e-3cb0-5210-aaff-2ce59882140a","descriptionBoxUUID":"3a74fc9b-2acb-5b0b-9fd3-96e192be97e7","singletonConceptClassifierUUID":"44f0e1e7-64c0-5f6a-ba2c-d40ad249e271","name":"WBS_07_05"}
{"uuid":"f6b488f0-6efc-547c-90ec-258420171ea7","descriptionBoxUUID":"3a74fc9b-2acb-5b0b-9fd3-96e192be97e7","singletonConceptClassifierUUID":"44f0e1e7-64c0-5f6a-ba2c-d40ad249e271","name":"WBS_05_31"}
{"uuid":"f6e18da5-160f-5324-9a0d-589ba87517d7","descriptionBoxUUID":"3a74fc9b-2acb-5b0b-9fd3-96e192be97e7","singletonConceptClassifierUUID":"44f0e1e7-64c0-5f6a-ba2c-d40ad249e271","name":"WBS_09A_02_02"}
{"uuid":"f71e427a-3d2d-5683-b00e-7da356adbf42","descriptionBoxUUID":"3a74fc9b-2acb-5b0b-9fd3-96e192be97e7","singletonConceptClassifierUUID":"44f0e1e7-64c0-5f6a-ba2c-d40ad249e271","name":"WBS_06_15_01_01"}
{"uuid":"f77e6dc8-9354-5b1a-8d02-6dc1c6ff7d1a","descriptionBoxUUID":"3a74fc9b-2acb-5b0b-9fd3-96e192be97e7","singletonConceptClassifierUUID":"44f0e1e7-64c0-5f6a-ba2c-d40ad249e271","name":"WBS_06_07_02"}
{"uuid":"f81bb929-8df3-5290-98c4-f4de879c5980","descriptionBoxUUID":"3a74fc9b-2acb-5b0b-9fd3-96e192be97e7","singletonConceptClassifierUUID":"44f0e1e7-64c0-5f6a-ba2c-d40ad249e271","name":"WBS_03_03_01"}
{"uuid":"f822676d-44d7-515a-b2b5-b7ddca02c663","descriptionBoxUUID":"3a74fc9b-2acb-5b0b-9fd3-96e192be97e7","singletonConceptClassifierUUID":"44f0e1e7-64c0-5f6a-ba2c-d40ad249e271","name":"WBS_05_01"}
{"uuid":"f8e42503-60db-5362-b72e-3ed62fd65d80","descriptionBoxUUID":"3a74fc9b-2acb-5b0b-9fd3-96e192be97e7","singletonConceptClassifierUUID":"44f0e1e7-64c0-5f6a-ba2c-d40ad249e271","name":"WBS_06_09_04"}
{"uuid":"f9b5fc7b-62e3-579d-8cbc-0b66090d1350","descriptionBoxUUID":"3a74fc9b-2acb-5b0b-9fd3-96e192be97e7","singletonConceptClassifierUUID":"44f0e1e7-64c0-5f6a-ba2c-d40ad249e271","name":"WBS_04_02_02_03"}
{"uuid":"fa35d275-6cc4-5021-a258-3ad514cf1bb5","descriptionBoxUUID":"3a74fc9b-2acb-5b0b-9fd3-96e192be97e7","singletonConceptClassifierUUID":"44f0e1e7-64c0-5f6a-ba2c-d40ad249e271","name":"WBS_06_08"}
{"uuid":"fab46cd6-9f1c-5c73-95c6-a506572233a9","descriptionBoxUUID":"3a74fc9b-2acb-5b0b-9fd3-96e192be97e7","singletonConceptClassifierUUID":"44f0e1e7-64c0-5f6a-ba2c-d40ad249e271","name":"WBS_06_07_06"}
{"uuid":"faed3c33-e2e3-5e06-ba18-102d0a49849d","descriptionBoxUUID":"3a74fc9b-2acb-5b0b-9fd3-96e192be97e7","singletonConceptClassifierUUID":"44f0e1e7-64c0-5f6a-ba2c-d40ad249e271","name":"WBS_06_12_05"}
{"uuid":"fb2ae68e-a2cf-50fe-81ac-eed6876fd0d1","descriptionBoxUUID":"3a74fc9b-2acb-5b0b-9fd3-96e192be97e7","singletonConceptClassifierUUID":"44f0e1e7-64c0-5f6a-ba2c-d40ad249e271","name":"WBS_06_10_03"}
{"uuid":"fc2f2b65-e41b-5c44-944f-68a560e80c21","descriptionBoxUUID":"3a74fc9b-2acb-5b0b-9fd3-96e192be97e7","singletonConceptClassifierUUID":"6a2f84ff-8577-5daf-9eaa-c2958398201d","name":"Avionics_Radiator"}
{"uuid":"fc60c7b7-e5bb-5f8b-8034-9328f1f3c69a","descriptionBoxUUID":"3a74fc9b-2acb-5b0b-9fd3-96e192be97e7","singletonConceptClassifierUUID":"44f0e1e7-64c0-5f6a-ba2c-d40ad249e271","name":"WBS_11"}
{"uuid":"fc6c1680-9eb5-583e-8ce0-de2bb8c9c2aa","descriptionBoxUUID":"3a74fc9b-2acb-5b0b-9fd3-96e192be97e7","singletonConceptClassifierUUID":"44f0e1e7-64c0-5f6a-ba2c-d40ad249e271","name":"WBS_06_05_04"}
{"uuid":"fce28a4b-4058-5ed9-886d-f7f89d82514c","descriptionBoxUUID":"3a74fc9b-2acb-5b0b-9fd3-96e192be97e7","singletonConceptClassifierUUID":"44f0e1e7-64c0-5f6a-ba2c-d40ad249e271","name":"WBS_02_01"}
{"uuid":"fce5d636-a074-5981-a0e1-231a6d07270a","descriptionBoxUUID":"3a74fc9b-2acb-5b0b-9fd3-96e192be97e7","singletonConceptClassifierUUID":"44f0e1e7-64c0-5f6a-ba2c-d40ad249e271","name":"WBS_04_05"}
{"uuid":"fe397343-114f-5657-a864-b37ca41bae40","descriptionBoxUUID":"3a74fc9b-2acb-5b0b-9fd3-96e192be97e7","singletonConceptClassifierUUID":"44f0e1e7-64c0-5f6a-ba2c-d40ad249e271","name":"WBS_11_02"}
{"uuid":"ffa0627e-7d22-5956-ba2c-bb68446c3e3a","descriptionBoxUUID":"3a74fc9b-2acb-5b0b-9fd3-96e192be97e7","singletonConceptClassifierUUID":"44f0e1e7-64c0-5f6a-ba2c-d40ad249e271","name":"WBS_07_07_05"}
