{"uuid":"019c512c-57e4-556e-bb91-60adb5fddb7b","descriptionBoxUUID":"3a74fc9b-2acb-5b0b-9fd3-96e192be97e7","reifiedRelationshipInstanceUUID":"6ecf8ace-9895-5f4a-8203-11b39308ea85","rangeUUID":"d1925414-38f1-5ba7-8554-0274b597ef56"}
{"uuid":"01a0af8b-accd-5758-8919-3f42cf50c072","descriptionBoxUUID":"3a74fc9b-2acb-5b0b-9fd3-96e192be97e7","reifiedRelationshipInstanceUUID":"01d48969-776b-5c42-8556-f1840500d923","rangeUUID":"fc2f2b65-e41b-5c44-944f-68a560e80c21"}
{"uuid":"0a59805c-c2a0-5f98-8d65-dfe543693cdd","descriptionBoxUUID":"3a74fc9b-2acb-5b0b-9fd3-96e192be97e7","reifiedRelationshipInstanceUUID":"367887ee-b371-5ff2-8cb8-1c547bc12549","rangeUUID":"364313d6-e88e-5c28-934a-11bf05fa9b60"}
{"uuid":"0d57ef5d-f9b9-5390-8da5-6ec8d8d97103","descriptionBoxUUID":"3a74fc9b-2acb-5b0b-9fd3-96e192be97e7","reifiedRelationshipInstanceUUID":"0f236caf-4f50-520d-bfb1-f5c736cb66b0","rangeUUID":"364313d6-e88e-5c28-934a-11bf05fa9b60"}
{"uuid":"0e0c0c99-0fa9-5fa4-8c11-9886b17a28e4","descriptionBoxUUID":"3a74fc9b-2acb-5b0b-9fd3-96e192be97e7","reifiedRelationshipInstanceUUID":"332ca6cd-4eb7-52b5-9f8c-6cacde2b3595","rangeUUID":"ea170f6b-459a-581a-b259-5f3b9565d9d8"}
{"uuid":"138d82e7-2f9a-5ca0-9985-e35c74748acc","descriptionBoxUUID":"3a74fc9b-2acb-5b0b-9fd3-96e192be97e7","reifiedRelationshipInstanceUUID":"f7989bcb-4718-5a51-83a4-2e1b899c07df","rangeUUID":"918c23fd-5ffd-5045-8a5c-61dcf9523db5"}
{"uuid":"1737b1d5-feff-5b98-8bcb-d300d4b4db22","descriptionBoxUUID":"3a74fc9b-2acb-5b0b-9fd3-96e192be97e7","reifiedRelationshipInstanceUUID":"ebe912f2-6db0-5ac4-808a-514ed763b148","rangeUUID":"cb14d150-5580-5e35-9647-577c75594449"}
{"uuid":"1eef2efc-0387-5f17-9cdf-124ce992a34b","descriptionBoxUUID":"3a74fc9b-2acb-5b0b-9fd3-96e192be97e7","reifiedRelationshipInstanceUUID":"89db7e54-71f8-58e0-8988-ad13ed8daf4c","rangeUUID":"3d1384bc-2ebe-5881-a8f3-5b82d08379c6"}
{"uuid":"202c402c-a6f9-58b7-b628-95d02c8e86a4","descriptionBoxUUID":"3a74fc9b-2acb-5b0b-9fd3-96e192be97e7","reifiedRelationshipInstanceUUID":"5bd6dc32-0820-5207-9fa1-790b50ce499a","rangeUUID":"391e82d4-713f-594b-8586-b33b5b7e9bce"}
{"uuid":"24050d3e-9399-53cf-9d81-acc93044d188","descriptionBoxUUID":"3a74fc9b-2acb-5b0b-9fd3-96e192be97e7","reifiedRelationshipInstanceUUID":"3e2c26fb-96c9-5631-9f3c-f8bacee2f060","rangeUUID":"44c37026-fcaf-54dd-ae3f-d1705540bd80"}
{"uuid":"24d240e8-ce24-5c20-8bed-256a9bb38e58","descriptionBoxUUID":"3a74fc9b-2acb-5b0b-9fd3-96e192be97e7","reifiedRelationshipInstanceUUID":"658848f3-aede-5f26-9386-84ae9b3061e3","rangeUUID":"cb14d150-5580-5e35-9647-577c75594449"}
{"uuid":"26a70cfa-19f8-52cb-aaca-993edf125829","descriptionBoxUUID":"3a74fc9b-2acb-5b0b-9fd3-96e192be97e7","reifiedRelationshipInstanceUUID":"24371aec-9bff-5e6e-b9c1-d5b2f4a013e3","rangeUUID":"d479c68e-d563-56bf-a67d-a263d98b59cd"}
{"uuid":"2a216702-fcfa-5035-8c02-193a2410ea91","descriptionBoxUUID":"3a74fc9b-2acb-5b0b-9fd3-96e192be97e7","reifiedRelationshipInstanceUUID":"cf5d90d0-537d-5032-83e5-d9a94e570aed","rangeUUID":"cc1c624d-803a-57c5-bb0d-2c462fb68540"}
{"uuid":"35bb4d10-aecc-5dd5-b704-0af732cfa7d3","descriptionBoxUUID":"3a74fc9b-2acb-5b0b-9fd3-96e192be97e7","reifiedRelationshipInstanceUUID":"3d75ec6a-b680-5f46-969f-3328dd23bfeb","rangeUUID":"a5592159-1191-5db8-9ee1-344791b66aec"}
{"uuid":"4359d02c-cbf8-5597-8646-5cc449d62140","descriptionBoxUUID":"3a74fc9b-2acb-5b0b-9fd3-96e192be97e7","reifiedRelationshipInstanceUUID":"bafd28f8-5765-59d3-a8d3-3c02a9997732","rangeUUID":"cb14d150-5580-5e35-9647-577c75594449"}
{"uuid":"448387e6-450e-5444-8931-2d943e741f28","descriptionBoxUUID":"3a74fc9b-2acb-5b0b-9fd3-96e192be97e7","reifiedRelationshipInstanceUUID":"03bca23c-3dac-56bf-b981-ac329b2e8f83","rangeUUID":"51346f03-b469-5c8b-8a97-efd159655094"}
{"uuid":"49b5f9f8-bf13-50d3-9bc5-a476b0086156","descriptionBoxUUID":"3a74fc9b-2acb-5b0b-9fd3-96e192be97e7","reifiedRelationshipInstanceUUID":"545642a4-1f97-5ed7-a101-11f9ae422813","rangeUUID":"132242ab-1021-5296-a34a-cef021520ee1"}
{"uuid":"4a65a039-b7de-546f-92da-f86a17cc9db3","descriptionBoxUUID":"3a74fc9b-2acb-5b0b-9fd3-96e192be97e7","reifiedRelationshipInstanceUUID":"2cd0eda8-e5be-5185-a33b-8929dbeb5120","rangeUUID":"132242ab-1021-5296-a34a-cef021520ee1"}
{"uuid":"4b777583-83cd-550d-b4c3-839949caf87e","descriptionBoxUUID":"3a74fc9b-2acb-5b0b-9fd3-96e192be97e7","reifiedRelationshipInstanceUUID":"53d47d73-c0d5-53a0-a456-2339cdef57cc","rangeUUID":"90523179-b04a-5ae9-bafc-aa1b4fabc526"}
{"uuid":"4bec957d-77f1-5670-80cc-447663ef78ca","descriptionBoxUUID":"3a74fc9b-2acb-5b0b-9fd3-96e192be97e7","reifiedRelationshipInstanceUUID":"170fec56-bb8d-5d74-903e-b75ef36910bc","rangeUUID":"ac9e62ce-ebd0-5744-a5d4-285433c71d68"}
{"uuid":"51a0c7d3-0fa6-5baa-9945-4afca1530ba1","descriptionBoxUUID":"3a74fc9b-2acb-5b0b-9fd3-96e192be97e7","reifiedRelationshipInstanceUUID":"46c7f1b7-a0ad-55e3-99d7-e6943c84fb11","rangeUUID":"1f720da9-7db6-5f9d-87de-6cb975400b66"}
{"uuid":"53b2c78a-3bf3-5b58-9821-9065656be47a","descriptionBoxUUID":"3a74fc9b-2acb-5b0b-9fd3-96e192be97e7","reifiedRelationshipInstanceUUID":"cd46ac5d-cbb2-5548-a70a-0b77e2bb6203","rangeUUID":"85efcd95-9c88-5aa4-b0b3-71792fde7399"}
{"uuid":"5cb07c27-1824-5b38-a62e-6ea7d2051c9d","descriptionBoxUUID":"3a74fc9b-2acb-5b0b-9fd3-96e192be97e7","reifiedRelationshipInstanceUUID":"d1b68c0a-fa52-58f0-ad82-25237a8195bf","rangeUUID":"39febe6c-6653-5a59-8296-18540d653a47"}
{"uuid":"5fbee024-8d67-5b6c-a0aa-70414cb4cffc","descriptionBoxUUID":"3a74fc9b-2acb-5b0b-9fd3-96e192be97e7","reifiedRelationshipInstanceUUID":"aba1d1b4-7a99-55c7-b7d0-a492f1b45f74","rangeUUID":"c5f09e89-c48e-53dd-b86f-9677c1d9f661"}
{"uuid":"617973c4-bc42-5679-a0a3-181e8d8ca1bd","descriptionBoxUUID":"3a74fc9b-2acb-5b0b-9fd3-96e192be97e7","reifiedRelationshipInstanceUUID":"333a6c8d-4616-520a-827c-91101c98a8ea","rangeUUID":"cb14d150-5580-5e35-9647-577c75594449"}
{"uuid":"6348bf9d-b0cf-5478-a928-7e6c5bc6900a","descriptionBoxUUID":"3a74fc9b-2acb-5b0b-9fd3-96e192be97e7","reifiedRelationshipInstanceUUID":"bf924b3c-143a-53a4-84f6-cd5448b07fbf","rangeUUID":"8bef96ab-9198-50d1-978a-e1c3d5c5a9fe"}
{"uuid":"6aa55160-519c-51b9-b533-efa97781f3fb","descriptionBoxUUID":"3a74fc9b-2acb-5b0b-9fd3-96e192be97e7","reifiedRelationshipInstanceUUID":"4813dd15-b174-5f88-9532-0b6f9a7434dd","rangeUUID":"d479c68e-d563-56bf-a67d-a263d98b59cd"}
{"uuid":"6b56e457-e7cf-54f1-aeba-1b1e66c13ae6","descriptionBoxUUID":"3a74fc9b-2acb-5b0b-9fd3-96e192be97e7","reifiedRelationshipInstanceUUID":"c0f0d879-c963-5097-86b9-6cb71a2c5883","rangeUUID":"d479c68e-d563-56bf-a67d-a263d98b59cd"}
{"uuid":"6eb9f79c-e4a4-5ddb-9e15-6a2a4c85afbb","descriptionBoxUUID":"3a74fc9b-2acb-5b0b-9fd3-96e192be97e7","reifiedRelationshipInstanceUUID":"be6010d2-c0e9-5cb2-98d0-99729fb4684a","rangeUUID":"ebd6aca3-8d7d-5c07-aa02-88ebeb9d5132"}
{"uuid":"6f519a75-6d34-5d56-b478-d3253ca826ee","descriptionBoxUUID":"3a74fc9b-2acb-5b0b-9fd3-96e192be97e7","reifiedRelationshipInstanceUUID":"dfd5ec12-90c8-53f0-89f6-29f1872c1b0a","rangeUUID":"c86c8d7e-09ca-53c3-9972-7b7a7bf7d75f"}
{"uuid":"718ddaf8-1593-525b-af5f-111699dbdd4b","descriptionBoxUUID":"3a74fc9b-2acb-5b0b-9fd3-96e192be97e7","reifiedRelationshipInstanceUUID":"392173ed-7a53-5fd8-8ee3-2914bf3fd665","rangeUUID":"4615d96a-61ff-522a-8f32-13e1ab9e1b5d"}
{"uuid":"737cc7ce-0565-5b3b-8e15-8c7d405b16bc","descriptionBoxUUID":"3a74fc9b-2acb-5b0b-9fd3-96e192be97e7","reifiedRelationshipInstanceUUID":"012e3f07-648f-5302-ad10-05584fc68700","rangeUUID":"c86c8d7e-09ca-53c3-9972-7b7a7bf7d75f"}
{"uuid":"7a0d822c-4503-5099-969f-5a92f81f9be5","descriptionBoxUUID":"3a74fc9b-2acb-5b0b-9fd3-96e192be97e7","reifiedRelationshipInstanceUUID":"97185eda-e75a-568e-bcd9-fac6b756be25","rangeUUID":"4615d96a-61ff-522a-8f32-13e1ab9e1b5d"}
{"uuid":"88ee00af-5cd9-57e3-b7a4-081f7fdd80ea","descriptionBoxUUID":"3a74fc9b-2acb-5b0b-9fd3-96e192be97e7","reifiedRelationshipInstanceUUID":"302c2010-3963-5b4e-a104-a0cca4beca86","rangeUUID":"4f6ea545-4f52-558a-8d2b-288e48d1f0e7"}
{"uuid":"93a5a5d4-abc6-5f6f-984d-6f95684f3860","descriptionBoxUUID":"3a74fc9b-2acb-5b0b-9fd3-96e192be97e7","reifiedRelationshipInstanceUUID":"d189a895-ab0b-5dee-8b99-b08c4b60e355","rangeUUID":"f1c71092-a58d-5ea6-b31b-472279065ec2"}
{"uuid":"956ccde2-6451-5c31-909b-d573fd888375","descriptionBoxUUID":"3a74fc9b-2acb-5b0b-9fd3-96e192be97e7","reifiedRelationshipInstanceUUID":"7fea3e38-e517-50c7-a4ee-60ab2a1c2e4c","rangeUUID":"51346f03-b469-5c8b-8a97-efd159655094"}
{"uuid":"96070096-0d18-5e84-8a78-a3a54acb4e57","descriptionBoxUUID":"3a74fc9b-2acb-5b0b-9fd3-96e192be97e7","reifiedRelationshipInstanceUUID":"555d4aa6-0e10-566b-add0-517ee1c7f669","rangeUUID":"d479c68e-d563-56bf-a67d-a263d98b59cd"}
{"uuid":"97821df8-daef-5f61-8d0b-5a20da330706","descriptionBoxUUID":"3a74fc9b-2acb-5b0b-9fd3-96e192be97e7","reifiedRelationshipInstanceUUID":"c7749569-cd21-5a2d-9056-323b57c5f517","rangeUUID":"364313d6-e88e-5c28-934a-11bf05fa9b60"}
{"uuid":"97e7a792-52b3-57e0-9404-a3571cffface","descriptionBoxUUID":"3a74fc9b-2acb-5b0b-9fd3-96e192be97e7","reifiedRelationshipInstanceUUID":"3d7845f9-6ca2-5555-95ff-07cbfc6a6d6b","rangeUUID":"3be566d7-7241-5c0f-956b-632e37908ee0"}
{"uuid":"9bf5e395-2c72-5653-a3e4-5e5e318f7585","descriptionBoxUUID":"3a74fc9b-2acb-5b0b-9fd3-96e192be97e7","reifiedRelationshipInstanceUUID":"848b3618-edd7-50f0-89f1-56a82d9fc225","rangeUUID":"1def1963-b315-5f3c-b29b-c85b176ad0ea"}
{"uuid":"9d7eaf73-dd49-5697-a404-7de302dfabf3","descriptionBoxUUID":"3a74fc9b-2acb-5b0b-9fd3-96e192be97e7","reifiedRelationshipInstanceUUID":"188dad61-d057-5a96-a7be-2caf8b3434e5","rangeUUID":"36530c0a-5867-5146-83b2-d2e710ac2895"}
{"uuid":"a233cb4c-974b-5f77-bfb4-9b441205c7a6","descriptionBoxUUID":"3a74fc9b-2acb-5b0b-9fd3-96e192be97e7","reifiedRelationshipInstanceUUID":"db1f16bc-2346-583c-9ea1-e6870bf5cf3b","rangeUUID":"de556d22-ac74-5d60-810a-0db9c1407fcc"}
{"uuid":"a4f9ed23-b60e-5171-96ae-a7da10856596","descriptionBoxUUID":"3a74fc9b-2acb-5b0b-9fd3-96e192be97e7","reifiedRelationshipInstanceUUID":"6696e572-1806-5a0f-ac4a-93fca1a7e42c","rangeUUID":"707ff002-fdbc-554d-9932-24536394c4a4"}
{"uuid":"a70a38d5-c0b3-5f9f-916c-1c1a0f0040c8","descriptionBoxUUID":"3a74fc9b-2acb-5b0b-9fd3-96e192be97e7","reifiedRelationshipInstanceUUID":"0a6c5c8d-e03c-52a6-aa65-e4c01acd6e67","rangeUUID":"989c6036-252e-5c8e-8834-e46e44df9706"}
{"uuid":"a7f6ffe3-b4c3-5f7d-9704-0e367ee3076b","descriptionBoxUUID":"3a74fc9b-2acb-5b0b-9fd3-96e192be97e7","reifiedRelationshipInstanceUUID":"9fa49872-3afe-5a24-8866-000a6f9c8c35","rangeUUID":"fc2f2b65-e41b-5c44-944f-68a560e80c21"}
{"uuid":"ab18bc10-b35a-5033-a27f-d112f597fe9b","descriptionBoxUUID":"3a74fc9b-2acb-5b0b-9fd3-96e192be97e7","reifiedRelationshipInstanceUUID":"d0bd5f13-6391-50b9-8da7-e629561ba621","rangeUUID":"391e82d4-713f-594b-8586-b33b5b7e9bce"}
{"uuid":"ab7f4802-7558-5226-9e0e-0c97d7084732","descriptionBoxUUID":"3a74fc9b-2acb-5b0b-9fd3-96e192be97e7","reifiedRelationshipInstanceUUID":"d31b10b1-f21e-54a3-9dd1-1b4722ddce16","rangeUUID":"d1925414-38f1-5ba7-8554-0274b597ef56"}
{"uuid":"ad74ee89-e127-54a3-81db-ec55e1addd17","descriptionBoxUUID":"3a74fc9b-2acb-5b0b-9fd3-96e192be97e7","reifiedRelationshipInstanceUUID":"9d66031a-c65a-553e-9ff8-8817d4332559","rangeUUID":"51346f03-b469-5c8b-8a97-efd159655094"}
{"uuid":"b15a7fa2-2673-54f5-a3ff-728395e48b3f","descriptionBoxUUID":"3a74fc9b-2acb-5b0b-9fd3-96e192be97e7","reifiedRelationshipInstanceUUID":"2c992b2a-75da-516a-a300-af94b4c7bb1b","rangeUUID":"5d09fa03-5d6d-516a-ba06-41668e5280bb"}
{"uuid":"b57fc3a7-c83d-52af-a3a0-d09b2d6dd8d8","descriptionBoxUUID":"3a74fc9b-2acb-5b0b-9fd3-96e192be97e7","reifiedRelationshipInstanceUUID":"690d4e85-ad25-5470-afe0-6d9fded5584f","rangeUUID":"7b8f1742-366a-5ca9-9276-025a28403037"}
{"uuid":"b672ad6b-b8d4-59cc-9126-c52b113d23c9","descriptionBoxUUID":"3a74fc9b-2acb-5b0b-9fd3-96e192be97e7","reifiedRelationshipInstanceUUID":"09d255ab-cbd0-5951-8936-8e1424b13d55","rangeUUID":"99cb6643-1ef6-5a32-99fc-a350e21815c7"}
{"uuid":"c078a5d5-30a1-5584-a4e4-e39620ad036e","descriptionBoxUUID":"3a74fc9b-2acb-5b0b-9fd3-96e192be97e7","reifiedRelationshipInstanceUUID":"ca3fac4f-c0ce-5dac-9403-481d0f22f3b0","rangeUUID":"a5592159-1191-5db8-9ee1-344791b66aec"}
{"uuid":"c109145a-a85b-5047-a3c3-fcb790e1fced","descriptionBoxUUID":"3a74fc9b-2acb-5b0b-9fd3-96e192be97e7","reifiedRelationshipInstanceUUID":"fe37c9e5-681d-5a8f-b3dc-85bc00141794","rangeUUID":"cfa1401b-a6be-5efc-954f-87424c0cbf69"}
{"uuid":"c9c2ec19-c866-565e-bd46-4c7a9bab1a5e","descriptionBoxUUID":"3a74fc9b-2acb-5b0b-9fd3-96e192be97e7","reifiedRelationshipInstanceUUID":"ffe1017b-34fc-5b04-88e0-cf89573a3c84","rangeUUID":"3d1384bc-2ebe-5881-a8f3-5b82d08379c6"}
{"uuid":"cca6bd63-c497-5058-bba7-004eade6929f","descriptionBoxUUID":"3a74fc9b-2acb-5b0b-9fd3-96e192be97e7","reifiedRelationshipInstanceUUID":"cc4c6604-1258-50ee-9171-7a206396ff69","rangeUUID":"fa35d275-6cc4-5021-a258-3ad514cf1bb5"}
{"uuid":"ce0edc46-2bf4-5c4c-92d2-c8e614e53b69","descriptionBoxUUID":"3a74fc9b-2acb-5b0b-9fd3-96e192be97e7","reifiedRelationshipInstanceUUID":"26d9aa60-1418-515e-a52b-73ed943a289c","rangeUUID":"989c6036-252e-5c8e-8834-e46e44df9706"}
{"uuid":"d121e7b3-a42f-5bda-91c4-78c121a34de6","descriptionBoxUUID":"3a74fc9b-2acb-5b0b-9fd3-96e192be97e7","reifiedRelationshipInstanceUUID":"9024ee77-812c-5026-8999-eea296c33011","rangeUUID":"ac9e62ce-ebd0-5744-a5d4-285433c71d68"}
{"uuid":"d24891ad-a12b-5c2e-9358-437cb58e1be4","descriptionBoxUUID":"3a74fc9b-2acb-5b0b-9fd3-96e192be97e7","reifiedRelationshipInstanceUUID":"d0f63da5-ff08-5ddc-88a2-4570c9a196f2","rangeUUID":"6cfcf802-2662-5267-901a-504fea086b69"}
{"uuid":"d8da7842-a224-586e-8017-91ae152f3eb2","descriptionBoxUUID":"3a74fc9b-2acb-5b0b-9fd3-96e192be97e7","reifiedRelationshipInstanceUUID":"4b76142a-d3b4-5f93-af79-6d27825ce96b","rangeUUID":"39febe6c-6653-5a59-8296-18540d653a47"}
{"uuid":"d9276f56-0706-5733-8f4d-3767c1311212","descriptionBoxUUID":"3a74fc9b-2acb-5b0b-9fd3-96e192be97e7","reifiedRelationshipInstanceUUID":"9feb6239-0c4d-586c-85f8-c60ce30c4f13","rangeUUID":"12b9a695-4993-5062-8514-162b8d065578"}
{"uuid":"dc20cabc-eb26-5e1d-9525-c1ad8858dbec","descriptionBoxUUID":"3a74fc9b-2acb-5b0b-9fd3-96e192be97e7","reifiedRelationshipInstanceUUID":"70a9a564-2115-5dd1-a210-e3546017471b","rangeUUID":"ebd6aca3-8d7d-5c07-aa02-88ebeb9d5132"}
{"uuid":"df58cf47-e258-5579-a3a6-46c6a88ae48c","descriptionBoxUUID":"3a74fc9b-2acb-5b0b-9fd3-96e192be97e7","reifiedRelationshipInstanceUUID":"17a19636-5736-5a7a-8ffb-262a37877b5e","rangeUUID":"12b9a695-4993-5062-8514-162b8d065578"}
{"uuid":"e940f1b2-3a91-56bc-bd01-9514cc6d9562","descriptionBoxUUID":"3a74fc9b-2acb-5b0b-9fd3-96e192be97e7","reifiedRelationshipInstanceUUID":"94b8e626-d20e-5f8d-82c3-3e3d33f53f33","rangeUUID":"51346f03-b469-5c8b-8a97-efd159655094"}
{"uuid":"f39e4e27-fb3a-56ac-a800-bae3c7a6fb63","descriptionBoxUUID":"3a74fc9b-2acb-5b0b-9fd3-96e192be97e7","reifiedRelationshipInstanceUUID":"473800f5-e933-5d47-94c2-7da5ab2b34ff","rangeUUID":"8bef96ab-9198-50d1-978a-e1c3d5c5a9fe"}
{"uuid":"f623a4e4-7588-5fe6-b6dd-d43b413ad7b1","descriptionBoxUUID":"3a74fc9b-2acb-5b0b-9fd3-96e192be97e7","reifiedRelationshipInstanceUUID":"92068e65-6890-53e5-b4ed-a32c4a775bca","rangeUUID":"364313d6-e88e-5c28-934a-11bf05fa9b60"}
{"uuid":"f71b7341-2310-59ec-bd68-8c34d8821be0","descriptionBoxUUID":"3a74fc9b-2acb-5b0b-9fd3-96e192be97e7","reifiedRelationshipInstanceUUID":"c216e84e-0977-5900-9f17-9c8ae5a1547a","rangeUUID":"99cb6643-1ef6-5a32-99fc-a350e21815c7"}
{"uuid":"fbb432b5-c831-5a99-bf4c-f8f8c024316c","descriptionBoxUUID":"3a74fc9b-2acb-5b0b-9fd3-96e192be97e7","reifiedRelationshipInstanceUUID":"da53c723-054f-5762-9295-6aaaa8026051","rangeUUID":"d839d647-349f-5f61-b5bc-81c5ae0ee9bd"}
{"uuid":"fc4e8664-0fa5-5c73-a7fe-02ca35fe645c","descriptionBoxUUID":"3a74fc9b-2acb-5b0b-9fd3-96e192be97e7","reifiedRelationshipInstanceUUID":"51cba96d-5b24-5b7a-afc4-267ac1fc5927","rangeUUID":"90523179-b04a-5ae9-bafc-aa1b4fabc526"}
