{"uuid":"0c5cf6b5-e13d-5f33-8005-0c980273e734","descriptionBoxUUID":"3a74fc9b-2acb-5b0b-9fd3-96e192be97e7","reifiedRelationshipInstanceUUID":"d1b68c0a-fa52-58f0-ad82-25237a8195bf","domainUUID":"989c6036-252e-5c8e-8834-e46e44df9706"}
{"uuid":"0efb15a9-6e7d-5282-bb6d-8988bde12280","descriptionBoxUUID":"3a74fc9b-2acb-5b0b-9fd3-96e192be97e7","reifiedRelationshipInstanceUUID":"46c7f1b7-a0ad-55e3-99d7-e6943c84fb11","domainUUID":"f3adce45-fca4-562b-93e5-fb3f432ba6ae"}
{"uuid":"1271d333-e4d1-5e73-96f8-745054f76b5a","descriptionBoxUUID":"3a74fc9b-2acb-5b0b-9fd3-96e192be97e7","reifiedRelationshipInstanceUUID":"188dad61-d057-5a96-a7be-2caf8b3434e5","domainUUID":"f3adce45-fca4-562b-93e5-fb3f432ba6ae"}
{"uuid":"1fd17763-90bc-5fa0-a47a-cfa9ea88f706","descriptionBoxUUID":"3a74fc9b-2acb-5b0b-9fd3-96e192be97e7","reifiedRelationshipInstanceUUID":"2c992b2a-75da-516a-a300-af94b4c7bb1b","domainUUID":"ea170f6b-459a-581a-b259-5f3b9565d9d8"}
{"uuid":"20b2cc45-ff59-54a1-b744-89da4ca45505","descriptionBoxUUID":"3a74fc9b-2acb-5b0b-9fd3-96e192be97e7","reifiedRelationshipInstanceUUID":"bafd28f8-5765-59d3-a8d3-3c02a9997732","domainUUID":"ea170f6b-459a-581a-b259-5f3b9565d9d8"}
{"uuid":"21b36401-89f6-59a5-8e22-ee0d408dc68e","descriptionBoxUUID":"3a74fc9b-2acb-5b0b-9fd3-96e192be97e7","reifiedRelationshipInstanceUUID":"9feb6239-0c4d-586c-85f8-c60ce30c4f13","domainUUID":"6cfcf802-2662-5267-901a-504fea086b69"}
{"uuid":"224fb5ca-d448-5a29-9214-be2e2049e9a9","descriptionBoxUUID":"3a74fc9b-2acb-5b0b-9fd3-96e192be97e7","reifiedRelationshipInstanceUUID":"0f236caf-4f50-520d-bfb1-f5c736cb66b0","domainUUID":"e3693fba-8217-5a9a-8b97-378c7ad8773c"}
{"uuid":"24131cbd-bb5b-5d2b-bd6c-5f9e79c5d18b","descriptionBoxUUID":"3a74fc9b-2acb-5b0b-9fd3-96e192be97e7","reifiedRelationshipInstanceUUID":"09d255ab-cbd0-5951-8936-8e1424b13d55","domainUUID":"391e82d4-713f-594b-8586-b33b5b7e9bce"}
{"uuid":"2cae29b9-88e9-5c19-b95d-c773735a78b4","descriptionBoxUUID":"3a74fc9b-2acb-5b0b-9fd3-96e192be97e7","reifiedRelationshipInstanceUUID":"d0bd5f13-6391-50b9-8da7-e629561ba621","domainUUID":"fa35d275-6cc4-5021-a258-3ad514cf1bb5"}
{"uuid":"2d48c2a1-b140-5843-b38b-5f8d167043e3","descriptionBoxUUID":"3a74fc9b-2acb-5b0b-9fd3-96e192be97e7","reifiedRelationshipInstanceUUID":"0a6c5c8d-e03c-52a6-aa65-e4c01acd6e67","domainUUID":"d1925414-38f1-5ba7-8554-0274b597ef56"}
{"uuid":"34e5e883-fa6d-538a-b004-6dac55b634ae","descriptionBoxUUID":"3a74fc9b-2acb-5b0b-9fd3-96e192be97e7","reifiedRelationshipInstanceUUID":"f7989bcb-4718-5a51-83a4-2e1b899c07df","domainUUID":"f3adce45-fca4-562b-93e5-fb3f432ba6ae"}
{"uuid":"3f0b08f6-4e23-5013-8ab0-4bb02d9b6794","descriptionBoxUUID":"3a74fc9b-2acb-5b0b-9fd3-96e192be97e7","reifiedRelationshipInstanceUUID":"c0f0d879-c963-5097-86b9-6cb71a2c5883","domainUUID":"e3693fba-8217-5a9a-8b97-378c7ad8773c"}
{"uuid":"406999cd-be51-5214-8485-bc3b4474270d","descriptionBoxUUID":"3a74fc9b-2acb-5b0b-9fd3-96e192be97e7","reifiedRelationshipInstanceUUID":"94b8e626-d20e-5f8d-82c3-3e3d33f53f33","domainUUID":"ea170f6b-459a-581a-b259-5f3b9565d9d8"}
{"uuid":"4550cd61-0131-5fd4-a65d-75cc76b53d0a","descriptionBoxUUID":"3a74fc9b-2acb-5b0b-9fd3-96e192be97e7","reifiedRelationshipInstanceUUID":"658848f3-aede-5f26-9386-84ae9b3061e3","domainUUID":"ea170f6b-459a-581a-b259-5f3b9565d9d8"}
{"uuid":"455eb16b-8b38-520c-be48-b693dd935b18","descriptionBoxUUID":"3a74fc9b-2acb-5b0b-9fd3-96e192be97e7","reifiedRelationshipInstanceUUID":"dfd5ec12-90c8-53f0-89f6-29f1872c1b0a","domainUUID":"fa35d275-6cc4-5021-a258-3ad514cf1bb5"}
{"uuid":"47095f85-6546-528b-a2a3-604009cac239","descriptionBoxUUID":"3a74fc9b-2acb-5b0b-9fd3-96e192be97e7","reifiedRelationshipInstanceUUID":"2cd0eda8-e5be-5185-a33b-8929dbeb5120","domainUUID":"d1925414-38f1-5ba7-8554-0274b597ef56"}
{"uuid":"47ab9cb1-4731-57a0-b9d9-f31dff671c88","descriptionBoxUUID":"3a74fc9b-2acb-5b0b-9fd3-96e192be97e7","reifiedRelationshipInstanceUUID":"9d66031a-c65a-553e-9ff8-8817d4332559","domainUUID":"ea170f6b-459a-581a-b259-5f3b9565d9d8"}
{"uuid":"47ecab82-9f25-5a54-a528-cbceff67a8e5","descriptionBoxUUID":"3a74fc9b-2acb-5b0b-9fd3-96e192be97e7","reifiedRelationshipInstanceUUID":"d31b10b1-f21e-54a3-9dd1-1b4722ddce16","domainUUID":"1def1963-b315-5f3c-b29b-c85b176ad0ea"}
{"uuid":"48a67906-075a-5c40-a3a2-c5f0cf3250e0","descriptionBoxUUID":"3a74fc9b-2acb-5b0b-9fd3-96e192be97e7","reifiedRelationshipInstanceUUID":"9024ee77-812c-5026-8999-eea296c33011","domainUUID":"cc1c624d-803a-57c5-bb0d-2c462fb68540"}
{"uuid":"4b223095-03e6-521d-abbf-2e07673dbab5","descriptionBoxUUID":"3a74fc9b-2acb-5b0b-9fd3-96e192be97e7","reifiedRelationshipInstanceUUID":"fe37c9e5-681d-5a8f-b3dc-85bc00141794","domainUUID":"f3adce45-fca4-562b-93e5-fb3f432ba6ae"}
{"uuid":"4de72914-57e3-5bf8-8742-bbdde9cd00e0","descriptionBoxUUID":"3a74fc9b-2acb-5b0b-9fd3-96e192be97e7","reifiedRelationshipInstanceUUID":"333a6c8d-4616-520a-827c-91101c98a8ea","domainUUID":"ea170f6b-459a-581a-b259-5f3b9565d9d8"}
{"uuid":"4e891ccc-934c-55df-9b73-5f03aab78a85","descriptionBoxUUID":"3a74fc9b-2acb-5b0b-9fd3-96e192be97e7","reifiedRelationshipInstanceUUID":"170fec56-bb8d-5d74-903e-b75ef36910bc","domainUUID":"d1925414-38f1-5ba7-8554-0274b597ef56"}
{"uuid":"5bddce5d-01d6-542b-9adb-3b3145287c89","descriptionBoxUUID":"3a74fc9b-2acb-5b0b-9fd3-96e192be97e7","reifiedRelationshipInstanceUUID":"cc4c6604-1258-50ee-9171-7a206396ff69","domainUUID":"f3adce45-fca4-562b-93e5-fb3f432ba6ae"}
{"uuid":"5e699665-49e2-5f8b-b9c5-0ccebff57fbb","descriptionBoxUUID":"3a74fc9b-2acb-5b0b-9fd3-96e192be97e7","reifiedRelationshipInstanceUUID":"555d4aa6-0e10-566b-add0-517ee1c7f669","domainUUID":"e3693fba-8217-5a9a-8b97-378c7ad8773c"}
{"uuid":"64bb1295-4f35-528d-a5c9-65fb95feb3e5","descriptionBoxUUID":"3a74fc9b-2acb-5b0b-9fd3-96e192be97e7","reifiedRelationshipInstanceUUID":"97185eda-e75a-568e-bcd9-fac6b756be25","domainUUID":"fa35d275-6cc4-5021-a258-3ad514cf1bb5"}
{"uuid":"67d26f63-baea-5d46-88a0-2fef3192e703","descriptionBoxUUID":"3a74fc9b-2acb-5b0b-9fd3-96e192be97e7","reifiedRelationshipInstanceUUID":"ffe1017b-34fc-5b04-88e0-cf89573a3c84","domainUUID":"805a19a1-3833-559e-b79c-7984bdb7386e"}
{"uuid":"6c958f0a-7c0e-5f5e-bde9-486ba858b695","descriptionBoxUUID":"3a74fc9b-2acb-5b0b-9fd3-96e192be97e7","reifiedRelationshipInstanceUUID":"01d48969-776b-5c42-8556-f1840500d923","domainUUID":"fa35d275-6cc4-5021-a258-3ad514cf1bb5"}
{"uuid":"6dc67306-1667-545c-886a-63114b333a85","descriptionBoxUUID":"3a74fc9b-2acb-5b0b-9fd3-96e192be97e7","reifiedRelationshipInstanceUUID":"bf924b3c-143a-53a4-84f6-cd5448b07fbf","domainUUID":"d839d647-349f-5f61-b5bc-81c5ae0ee9bd"}
{"uuid":"6e236c74-9e43-5a81-ae3f-e678fe6d29fb","descriptionBoxUUID":"3a74fc9b-2acb-5b0b-9fd3-96e192be97e7","reifiedRelationshipInstanceUUID":"6ecf8ace-9895-5f4a-8203-11b39308ea85","domainUUID":"f3adce45-fca4-562b-93e5-fb3f432ba6ae"}
{"uuid":"72c0d5c6-147a-57d3-92cc-d196286da5c8","descriptionBoxUUID":"3a74fc9b-2acb-5b0b-9fd3-96e192be97e7","reifiedRelationshipInstanceUUID":"d189a895-ab0b-5dee-8b99-b08c4b60e355","domainUUID":"f3adce45-fca4-562b-93e5-fb3f432ba6ae"}
{"uuid":"79fddebf-f635-5c09-b0b5-20e662a76715","descriptionBoxUUID":"3a74fc9b-2acb-5b0b-9fd3-96e192be97e7","reifiedRelationshipInstanceUUID":"03bca23c-3dac-56bf-b981-ac329b2e8f83","domainUUID":"ea170f6b-459a-581a-b259-5f3b9565d9d8"}
{"uuid":"7c4efc3a-4a68-5f05-ae5c-f88ccdfe9eec","descriptionBoxUUID":"3a74fc9b-2acb-5b0b-9fd3-96e192be97e7","reifiedRelationshipInstanceUUID":"aba1d1b4-7a99-55c7-b7d0-a492f1b45f74","domainUUID":"f3adce45-fca4-562b-93e5-fb3f432ba6ae"}
{"uuid":"7e2beca4-7c71-5f6c-98a7-eb4b8a1520c9","descriptionBoxUUID":"3a74fc9b-2acb-5b0b-9fd3-96e192be97e7","reifiedRelationshipInstanceUUID":"51cba96d-5b24-5b7a-afc4-267ac1fc5927","domainUUID":"391e82d4-713f-594b-8586-b33b5b7e9bce"}
{"uuid":"7fc0bf2d-8e92-52a3-8482-50bf4b155d18","descriptionBoxUUID":"3a74fc9b-2acb-5b0b-9fd3-96e192be97e7","reifiedRelationshipInstanceUUID":"c216e84e-0977-5900-9f17-9c8ae5a1547a","domainUUID":"fa35d275-6cc4-5021-a258-3ad514cf1bb5"}
{"uuid":"8222ca4b-82b6-53d7-ac63-058f81531fb6","descriptionBoxUUID":"3a74fc9b-2acb-5b0b-9fd3-96e192be97e7","reifiedRelationshipInstanceUUID":"89db7e54-71f8-58e0-8988-ad13ed8daf4c","domainUUID":"1def1963-b315-5f3c-b29b-c85b176ad0ea"}
{"uuid":"8249bc5b-6fd5-56e7-bf02-31d9a3e597a5","descriptionBoxUUID":"3a74fc9b-2acb-5b0b-9fd3-96e192be97e7","reifiedRelationshipInstanceUUID":"24371aec-9bff-5e6e-b9c1-d5b2f4a013e3","domainUUID":"e3693fba-8217-5a9a-8b97-378c7ad8773c"}
{"uuid":"86955a0f-52da-59c7-a8af-97f1af1b4e3f","descriptionBoxUUID":"3a74fc9b-2acb-5b0b-9fd3-96e192be97e7","reifiedRelationshipInstanceUUID":"848b3618-edd7-50f0-89f1-56a82d9fc225","domainUUID":"265bbbbb-b3d5-52d0-a60d-c16ee8db94d5"}
{"uuid":"8ba52442-637b-5043-a2b8-550aeead237c","descriptionBoxUUID":"3a74fc9b-2acb-5b0b-9fd3-96e192be97e7","reifiedRelationshipInstanceUUID":"db1f16bc-2346-583c-9ea1-e6870bf5cf3b","domainUUID":"f3adce45-fca4-562b-93e5-fb3f432ba6ae"}
{"uuid":"8befa810-9576-5206-a3f2-12d44e138064","descriptionBoxUUID":"3a74fc9b-2acb-5b0b-9fd3-96e192be97e7","reifiedRelationshipInstanceUUID":"70a9a564-2115-5dd1-a210-e3546017471b","domainUUID":"d1925414-38f1-5ba7-8554-0274b597ef56"}
{"uuid":"8e631ee9-eca1-59f5-a2a9-366befd66c51","descriptionBoxUUID":"3a74fc9b-2acb-5b0b-9fd3-96e192be97e7","reifiedRelationshipInstanceUUID":"c7749569-cd21-5a2d-9056-323b57c5f517","domainUUID":"e3693fba-8217-5a9a-8b97-378c7ad8773c"}
{"uuid":"93594cd5-85a1-50d3-a3a9-71f26d1bab49","descriptionBoxUUID":"3a74fc9b-2acb-5b0b-9fd3-96e192be97e7","reifiedRelationshipInstanceUUID":"690d4e85-ad25-5470-afe0-6d9fded5584f","domainUUID":"f3adce45-fca4-562b-93e5-fb3f432ba6ae"}
{"uuid":"95e8f528-d475-52d7-9e10-ab612a9b4515","descriptionBoxUUID":"3a74fc9b-2acb-5b0b-9fd3-96e192be97e7","reifiedRelationshipInstanceUUID":"4b76142a-d3b4-5f93-af79-6d27825ce96b","domainUUID":"6cfcf802-2662-5267-901a-504fea086b69"}
{"uuid":"992d6761-8e03-5369-994c-bfe47dcd079e","descriptionBoxUUID":"3a74fc9b-2acb-5b0b-9fd3-96e192be97e7","reifiedRelationshipInstanceUUID":"17a19636-5736-5a7a-8ffb-262a37877b5e","domainUUID":"989c6036-252e-5c8e-8834-e46e44df9706"}
{"uuid":"9c149589-8416-5780-9b80-604f0fafa0fc","descriptionBoxUUID":"3a74fc9b-2acb-5b0b-9fd3-96e192be97e7","reifiedRelationshipInstanceUUID":"545642a4-1f97-5ed7-a101-11f9ae422813","domainUUID":"36530c0a-5867-5146-83b2-d2e710ac2895"}
{"uuid":"9d98642b-fc58-5e70-8656-a31eaf3e05ea","descriptionBoxUUID":"3a74fc9b-2acb-5b0b-9fd3-96e192be97e7","reifiedRelationshipInstanceUUID":"6696e572-1806-5a0f-ac4a-93fca1a7e42c","domainUUID":"f3adce45-fca4-562b-93e5-fb3f432ba6ae"}
{"uuid":"9f946dcd-42e6-5030-85f6-ea42f1d1fed8","descriptionBoxUUID":"3a74fc9b-2acb-5b0b-9fd3-96e192be97e7","reifiedRelationshipInstanceUUID":"ca3fac4f-c0ce-5dac-9403-481d0f22f3b0","domainUUID":"cfa1401b-a6be-5efc-954f-87424c0cbf69"}
{"uuid":"a1f4264e-8536-5590-9b9b-a73e2ce052a0","descriptionBoxUUID":"3a74fc9b-2acb-5b0b-9fd3-96e192be97e7","reifiedRelationshipInstanceUUID":"3e2c26fb-96c9-5631-9f3c-f8bacee2f060","domainUUID":"f3adce45-fca4-562b-93e5-fb3f432ba6ae"}
{"uuid":"a553dddf-97cb-528d-a09d-077aca26c3b9","descriptionBoxUUID":"3a74fc9b-2acb-5b0b-9fd3-96e192be97e7","reifiedRelationshipInstanceUUID":"be6010d2-c0e9-5cb2-98d0-99729fb4684a","domainUUID":"f1c71092-a58d-5ea6-b31b-472279065ec2"}
{"uuid":"b04b3f5a-8f52-5422-b9b8-fd8fc4c7da82","descriptionBoxUUID":"3a74fc9b-2acb-5b0b-9fd3-96e192be97e7","reifiedRelationshipInstanceUUID":"ebe912f2-6db0-5ac4-808a-514ed763b148","domainUUID":"ea170f6b-459a-581a-b259-5f3b9565d9d8"}
{"uuid":"b6078302-7a43-566a-ba38-5d3c547b3347","descriptionBoxUUID":"3a74fc9b-2acb-5b0b-9fd3-96e192be97e7","reifiedRelationshipInstanceUUID":"d0f63da5-ff08-5ddc-88a2-4570c9a196f2","domainUUID":"f3adce45-fca4-562b-93e5-fb3f432ba6ae"}
{"uuid":"c110fdfd-37d8-5033-9d1d-c2f559a19f29","descriptionBoxUUID":"3a74fc9b-2acb-5b0b-9fd3-96e192be97e7","reifiedRelationshipInstanceUUID":"4813dd15-b174-5f88-9532-0b6f9a7434dd","domainUUID":"e3693fba-8217-5a9a-8b97-378c7ad8773c"}
{"uuid":"c1c1e531-ff91-551d-b374-48aed4a84104","descriptionBoxUUID":"3a74fc9b-2acb-5b0b-9fd3-96e192be97e7","reifiedRelationshipInstanceUUID":"5bd6dc32-0820-5207-9fa1-790b50ce499a","domainUUID":"d1925414-38f1-5ba7-8554-0274b597ef56"}
{"uuid":"c1ebf18e-193e-53a7-8e58-dea8e6e92d7d","descriptionBoxUUID":"3a74fc9b-2acb-5b0b-9fd3-96e192be97e7","reifiedRelationshipInstanceUUID":"da53c723-054f-5762-9295-6aaaa8026051","domainUUID":"f3adce45-fca4-562b-93e5-fb3f432ba6ae"}
{"uuid":"c7742126-b245-5530-9e59-a3df0f26e765","descriptionBoxUUID":"3a74fc9b-2acb-5b0b-9fd3-96e192be97e7","reifiedRelationshipInstanceUUID":"cf5d90d0-537d-5032-83e5-d9a94e570aed","domainUUID":"f3adce45-fca4-562b-93e5-fb3f432ba6ae"}
{"uuid":"cf02b501-1f8a-5104-8d7f-6777aebd4fbc","descriptionBoxUUID":"3a74fc9b-2acb-5b0b-9fd3-96e192be97e7","reifiedRelationshipInstanceUUID":"012e3f07-648f-5302-ad10-05584fc68700","domainUUID":"391e82d4-713f-594b-8586-b33b5b7e9bce"}
{"uuid":"d18b2be9-21b1-55c0-9061-d0f97bf42fee","descriptionBoxUUID":"3a74fc9b-2acb-5b0b-9fd3-96e192be97e7","reifiedRelationshipInstanceUUID":"cd46ac5d-cbb2-5548-a70a-0b77e2bb6203","domainUUID":"f3adce45-fca4-562b-93e5-fb3f432ba6ae"}
{"uuid":"d659e019-9fa6-5460-bcab-48248084f4f4","descriptionBoxUUID":"3a74fc9b-2acb-5b0b-9fd3-96e192be97e7","reifiedRelationshipInstanceUUID":"332ca6cd-4eb7-52b5-9f8c-6cacde2b3595","domainUUID":"e3693fba-8217-5a9a-8b97-378c7ad8773c"}
{"uuid":"da963af1-8093-5586-938e-cf2b5ebef705","descriptionBoxUUID":"3a74fc9b-2acb-5b0b-9fd3-96e192be97e7","reifiedRelationshipInstanceUUID":"392173ed-7a53-5fd8-8ee3-2914bf3fd665","domainUUID":"391e82d4-713f-594b-8586-b33b5b7e9bce"}
{"uuid":"db77b4f1-d74d-518c-b9bf-97ef47b540a6","descriptionBoxUUID":"3a74fc9b-2acb-5b0b-9fd3-96e192be97e7","reifiedRelationshipInstanceUUID":"473800f5-e933-5d47-94c2-7da5ab2b34ff","domainUUID":"d1925414-38f1-5ba7-8554-0274b597ef56"}
{"uuid":"ebe1fd0e-676e-56f1-9518-3ca69c2e0969","descriptionBoxUUID":"3a74fc9b-2acb-5b0b-9fd3-96e192be97e7","reifiedRelationshipInstanceUUID":"92068e65-6890-53e5-b4ed-a32c4a775bca","domainUUID":"e3693fba-8217-5a9a-8b97-378c7ad8773c"}
{"uuid":"f04863ab-24a8-575b-b716-87fee9784e21","descriptionBoxUUID":"3a74fc9b-2acb-5b0b-9fd3-96e192be97e7","reifiedRelationshipInstanceUUID":"3d7845f9-6ca2-5555-95ff-07cbfc6a6d6b","domainUUID":"e3693fba-8217-5a9a-8b97-378c7ad8773c"}
{"uuid":"f662d5d6-c92d-5e61-94bc-6969519f825c","descriptionBoxUUID":"3a74fc9b-2acb-5b0b-9fd3-96e192be97e7","reifiedRelationshipInstanceUUID":"302c2010-3963-5b4e-a104-a0cca4beca86","domainUUID":"f3adce45-fca4-562b-93e5-fb3f432ba6ae"}
{"uuid":"f719203c-8356-541d-976e-eec3fddca29b","descriptionBoxUUID":"3a74fc9b-2acb-5b0b-9fd3-96e192be97e7","reifiedRelationshipInstanceUUID":"7fea3e38-e517-50c7-a4ee-60ab2a1c2e4c","domainUUID":"ea170f6b-459a-581a-b259-5f3b9565d9d8"}
{"uuid":"f733f0fc-afcd-5854-bd39-50150bf4d240","descriptionBoxUUID":"3a74fc9b-2acb-5b0b-9fd3-96e192be97e7","reifiedRelationshipInstanceUUID":"3d75ec6a-b680-5f46-969f-3328dd23bfeb","domainUUID":"d1925414-38f1-5ba7-8554-0274b597ef56"}
{"uuid":"fb48fd74-59aa-5f3a-a320-6d8f21eda1ef","descriptionBoxUUID":"3a74fc9b-2acb-5b0b-9fd3-96e192be97e7","reifiedRelationshipInstanceUUID":"9fa49872-3afe-5a24-8866-000a6f9c8c35","domainUUID":"391e82d4-713f-594b-8586-b33b5b7e9bce"}
{"uuid":"fc4462ea-a54a-5830-9071-3a036b170090","descriptionBoxUUID":"3a74fc9b-2acb-5b0b-9fd3-96e192be97e7","reifiedRelationshipInstanceUUID":"53d47d73-c0d5-53a0-a456-2339cdef57cc","domainUUID":"fa35d275-6cc4-5021-a258-3ad514cf1bb5"}
{"uuid":"fe56f6a1-bafa-555a-aee9-4db5054b1cc2","descriptionBoxUUID":"3a74fc9b-2acb-5b0b-9fd3-96e192be97e7","reifiedRelationshipInstanceUUID":"26d9aa60-1418-515e-a52b-73ed943a289c","domainUUID":"6cfcf802-2662-5267-901a-504fea086b69"}
{"uuid":"fe8ea490-7708-595a-909b-31d8fc7bef67","descriptionBoxUUID":"3a74fc9b-2acb-5b0b-9fd3-96e192be97e7","reifiedRelationshipInstanceUUID":"367887ee-b371-5ff2-8cb8-1c547bc12549","domainUUID":"e3693fba-8217-5a9a-8b97-378c7ad8773c"}
