{"uuid":"012e3f07-648f-5302-ad10-05584fc68700","descriptionBoxUUID":"3a74fc9b-2acb-5b0b-9fd3-96e192be97e7","singletonReifiedRelationshipClassifierUUID":"080ab77c-77f4-5c3c-be67-660dced7f9a2","name":"Thermal_Subsystem_shielding"}
{"uuid":"01d48969-776b-5c42-8556-f1840500d923","descriptionBoxUUID":"3a74fc9b-2acb-5b0b-9fd3-96e192be97e7","singletonReifiedRelationshipClassifierUUID":"8d1923c1-0cec-50b3-bc2d-3023954ac1e5","name":"WBS_06_08_Avionics_Radiator"}
{"uuid":"03bca23c-3dac-56bf-b981-ac329b2e8f83","descriptionBoxUUID":"3a74fc9b-2acb-5b0b-9fd3-96e192be97e7","singletonReifiedRelationshipClassifierUUID":"080ab77c-77f4-5c3c-be67-660dced7f9a2","name":"MLH_MMP_CHK_Panel_2_021115_KNCM4X0_7_021115_2"}
{"uuid":"09d255ab-cbd0-5951-8936-8e1424b13d55","descriptionBoxUUID":"3a74fc9b-2acb-5b0b-9fd3-96e192be97e7","singletonReifiedRelationshipClassifierUUID":"080ab77c-77f4-5c3c-be67-660dced7f9a2","name":"Thermal_Subsystem_pPU_Radiator"}
{"uuid":"0a6c5c8d-e03c-52a6-aa65-e4c01acd6e67","descriptionBoxUUID":"3a74fc9b-2acb-5b0b-9fd3-96e192be97e7","singletonReifiedRelationshipClassifierUUID":"080ab77c-77f4-5c3c-be67-660dced7f9a2","name":"Spacecraft_power_Subsystem"}
{"uuid":"0f236caf-4f50-520d-bfb1-f5c736cb66b0","descriptionBoxUUID":"3a74fc9b-2acb-5b0b-9fd3-96e192be97e7","singletonReifiedRelationshipClassifierUUID":"080ab77c-77f4-5c3c-be67-660dced7f9a2","name":"MLH_MMP_CHK_Instrument_Asm_021115_ST12259_040_021115"}
{"uuid":"170fec56-bb8d-5d74-903e-b75ef36910bc","descriptionBoxUUID":"3a74fc9b-2acb-5b0b-9fd3-96e192be97e7","singletonReifiedRelationshipClassifierUUID":"080ab77c-77f4-5c3c-be67-660dced7f9a2","name":"Spacecraft_cDS_Subsystem"}
{"uuid":"17a19636-5736-5a7a-8ffb-262a37877b5e","descriptionBoxUUID":"3a74fc9b-2acb-5b0b-9fd3-96e192be97e7","singletonReifiedRelationshipClassifierUUID":"080ab77c-77f4-5c3c-be67-660dced7f9a2","name":"Power_Subsystem_battery"}
{"uuid":"188dad61-d057-5a96-a7be-2caf8b3434e5","descriptionBoxUUID":"3a74fc9b-2acb-5b0b-9fd3-96e192be97e7","singletonReifiedRelationshipClassifierUUID":"080ab77c-77f4-5c3c-be67-660dced7f9a2","name":"WBS_06_wBS_06_09"}
{"uuid":"24371aec-9bff-5e6e-b9c1-d5b2f4a013e3","descriptionBoxUUID":"3a74fc9b-2acb-5b0b-9fd3-96e192be97e7","singletonReifiedRelationshipClassifierUUID":"080ab77c-77f4-5c3c-be67-660dced7f9a2","name":"MLH_MMP_CHK_Instrument_Asm_021115_NA0069_040016_021115_3"}
{"uuid":"26d9aa60-1418-515e-a52b-73ed943a289c","descriptionBoxUUID":"3a74fc9b-2acb-5b0b-9fd3-96e192be97e7","singletonReifiedRelationshipClassifierUUID":"8d1923c1-0cec-50b3-bc2d-3023954ac1e5","name":"WBS_06_04_Power_Subsystem"}
{"uuid":"2c992b2a-75da-516a-a300-af94b4c7bb1b","descriptionBoxUUID":"3a74fc9b-2acb-5b0b-9fd3-96e192be97e7","singletonReifiedRelationshipClassifierUUID":"080ab77c-77f4-5c3c-be67-660dced7f9a2","name":"MLH_MMP_CHK_Panel_2_021115_MLH_MMP_CHK_PANEL_2_101_021115"}
{"uuid":"2cd0eda8-e5be-5185-a33b-8929dbeb5120","descriptionBoxUUID":"3a74fc9b-2acb-5b0b-9fd3-96e192be97e7","singletonReifiedRelationshipClassifierUUID":"080ab77c-77f4-5c3c-be67-660dced7f9a2","name":"Spacecraft_propulsion_Subsystem"}
{"uuid":"302c2010-3963-5b4e-a104-a0cca4beca86","descriptionBoxUUID":"3a74fc9b-2acb-5b0b-9fd3-96e192be97e7","singletonReifiedRelationshipClassifierUUID":"080ab77c-77f4-5c3c-be67-660dced7f9a2","name":"WBS_06_wBS_06_13"}
{"uuid":"332ca6cd-4eb7-52b5-9f8c-6cacde2b3595","descriptionBoxUUID":"3a74fc9b-2acb-5b0b-9fd3-96e192be97e7","singletonReifiedRelationshipClassifierUUID":"080ab77c-77f4-5c3c-be67-660dced7f9a2","name":"MLH_MMP_CHK_Instrument_Asm_021115_MLH_MMP_CHK_PANEL_2_021115"}
{"uuid":"333a6c8d-4616-520a-827c-91101c98a8ea","descriptionBoxUUID":"3a74fc9b-2acb-5b0b-9fd3-96e192be97e7","singletonReifiedRelationshipClassifierUUID":"080ab77c-77f4-5c3c-be67-660dced7f9a2","name":"MLH_MMP_CHK_Panel_2_021115_KNM5X0_5_021115_2"}
{"uuid":"367887ee-b371-5ff2-8cb8-1c547bc12549","descriptionBoxUUID":"3a74fc9b-2acb-5b0b-9fd3-96e192be97e7","singletonReifiedRelationshipClassifierUUID":"080ab77c-77f4-5c3c-be67-660dced7f9a2","name":"MLH_MMP_CHK_Instrument_Asm_021115_ST12259_040_021115_1"}
{"uuid":"392173ed-7a53-5fd8-8ee3-2914bf3fd665","descriptionBoxUUID":"3a74fc9b-2acb-5b0b-9fd3-96e192be97e7","singletonReifiedRelationshipClassifierUUID":"080ab77c-77f4-5c3c-be67-660dced7f9a2","name":"Thermal_Subsystem_louvers"}
{"uuid":"3d75ec6a-b680-5f46-969f-3328dd23bfeb","descriptionBoxUUID":"3a74fc9b-2acb-5b0b-9fd3-96e192be97e7","singletonReifiedRelationshipClassifierUUID":"080ab77c-77f4-5c3c-be67-660dced7f9a2","name":"Spacecraft_telecom_Subsystem"}
{"uuid":"3d7845f9-6ca2-5555-95ff-07cbfc6a6d6b","descriptionBoxUUID":"3a74fc9b-2acb-5b0b-9fd3-96e192be97e7","singletonReifiedRelationshipClassifierUUID":"080ab77c-77f4-5c3c-be67-660dced7f9a2","name":"MLH_MMP_CHK_Instrument_Asm_021115_MLH_MMP_CHK_BASIC_BOX_021115"}
{"uuid":"3e2c26fb-96c9-5631-9f3c-f8bacee2f060","descriptionBoxUUID":"3a74fc9b-2acb-5b0b-9fd3-96e192be97e7","singletonReifiedRelationshipClassifierUUID":"080ab77c-77f4-5c3c-be67-660dced7f9a2","name":"WBS_06_wBS_06_16"}
{"uuid":"46c7f1b7-a0ad-55e3-99d7-e6943c84fb11","descriptionBoxUUID":"3a74fc9b-2acb-5b0b-9fd3-96e192be97e7","singletonReifiedRelationshipClassifierUUID":"080ab77c-77f4-5c3c-be67-660dced7f9a2","name":"WBS_06_wBS_06_02"}
{"uuid":"473800f5-e933-5d47-94c2-7da5ab2b34ff","descriptionBoxUUID":"3a74fc9b-2acb-5b0b-9fd3-96e192be97e7","singletonReifiedRelationshipClassifierUUID":"080ab77c-77f4-5c3c-be67-660dced7f9a2","name":"Spacecraft_aCS_Subsystem"}
{"uuid":"4813dd15-b174-5f88-9532-0b6f9a7434dd","descriptionBoxUUID":"3a74fc9b-2acb-5b0b-9fd3-96e192be97e7","singletonReifiedRelationshipClassifierUUID":"080ab77c-77f4-5c3c-be67-660dced7f9a2","name":"MLH_MMP_CHK_Instrument_Asm_021115_NA0069_040016_021115_2"}
{"uuid":"4b76142a-d3b4-5f93-af79-6d27825ce96b","descriptionBoxUUID":"3a74fc9b-2acb-5b0b-9fd3-96e192be97e7","singletonReifiedRelationshipClassifierUUID":"8d1923c1-0cec-50b3-bc2d-3023954ac1e5","name":"WBS_06_04_Solar_Array"}
{"uuid":"51cba96d-5b24-5b7a-afc4-267ac1fc5927","descriptionBoxUUID":"3a74fc9b-2acb-5b0b-9fd3-96e192be97e7","singletonReifiedRelationshipClassifierUUID":"080ab77c-77f4-5c3c-be67-660dced7f9a2","name":"Thermal_Subsystem_mLI"}
{"uuid":"53d47d73-c0d5-53a0-a456-2339cdef57cc","descriptionBoxUUID":"3a74fc9b-2acb-5b0b-9fd3-96e192be97e7","singletonReifiedRelationshipClassifierUUID":"8d1923c1-0cec-50b3-bc2d-3023954ac1e5","name":"WBS_06_08_MLI"}
{"uuid":"545642a4-1f97-5ed7-a101-11f9ae422813","descriptionBoxUUID":"3a74fc9b-2acb-5b0b-9fd3-96e192be97e7","singletonReifiedRelationshipClassifierUUID":"8d1923c1-0cec-50b3-bc2d-3023954ac1e5","name":"WBS_06_09_Propulsion_Subsystem"}
{"uuid":"555d4aa6-0e10-566b-add0-517ee1c7f669","descriptionBoxUUID":"3a74fc9b-2acb-5b0b-9fd3-96e192be97e7","singletonReifiedRelationshipClassifierUUID":"080ab77c-77f4-5c3c-be67-660dced7f9a2","name":"MLH_MMP_CHK_Instrument_Asm_021115_NA0069_040016_021115_1"}
{"uuid":"5bd6dc32-0820-5207-9fa1-790b50ce499a","descriptionBoxUUID":"3a74fc9b-2acb-5b0b-9fd3-96e192be97e7","singletonReifiedRelationshipClassifierUUID":"080ab77c-77f4-5c3c-be67-660dced7f9a2","name":"Spacecraft_thermal_Subsystem"}
{"uuid":"658848f3-aede-5f26-9386-84ae9b3061e3","descriptionBoxUUID":"3a74fc9b-2acb-5b0b-9fd3-96e192be97e7","singletonReifiedRelationshipClassifierUUID":"080ab77c-77f4-5c3c-be67-660dced7f9a2","name":"MLH_MMP_CHK_Panel_2_021115_KNM5X0_5_021115"}
{"uuid":"6696e572-1806-5a0f-ac4a-93fca1a7e42c","descriptionBoxUUID":"3a74fc9b-2acb-5b0b-9fd3-96e192be97e7","singletonReifiedRelationshipClassifierUUID":"080ab77c-77f4-5c3c-be67-660dced7f9a2","name":"WBS_06_wBS_06_15"}
{"uuid":"690d4e85-ad25-5470-afe0-6d9fded5584f","descriptionBoxUUID":"3a74fc9b-2acb-5b0b-9fd3-96e192be97e7","singletonReifiedRelationshipClassifierUUID":"080ab77c-77f4-5c3c-be67-660dced7f9a2","name":"WBS_06_wBS_06_14"}
{"uuid":"6ecf8ace-9895-5f4a-8203-11b39308ea85","descriptionBoxUUID":"3a74fc9b-2acb-5b0b-9fd3-96e192be97e7","singletonReifiedRelationshipClassifierUUID":"8d1923c1-0cec-50b3-bc2d-3023954ac1e5","name":"WBS_06_Spacecraft"}
{"uuid":"70a9a564-2115-5dd1-a210-e3546017471b","descriptionBoxUUID":"3a74fc9b-2acb-5b0b-9fd3-96e192be97e7","singletonReifiedRelationshipClassifierUUID":"080ab77c-77f4-5c3c-be67-660dced7f9a2","name":"Spacecraft_mechanical_Subsystem"}
{"uuid":"7fea3e38-e517-50c7-a4ee-60ab2a1c2e4c","descriptionBoxUUID":"3a74fc9b-2acb-5b0b-9fd3-96e192be97e7","singletonReifiedRelationshipClassifierUUID":"080ab77c-77f4-5c3c-be67-660dced7f9a2","name":"MLH_MMP_CHK_Panel_2_021115_KNCM4X0_7_021115_3"}
{"uuid":"848b3618-edd7-50f0-89f1-56a82d9fc225","descriptionBoxUUID":"3a74fc9b-2acb-5b0b-9fd3-96e192be97e7","singletonReifiedRelationshipClassifierUUID":"8d1923c1-0cec-50b3-bc2d-3023954ac1e5","name":"WBS_01_IMCEDemo"}
{"uuid":"89db7e54-71f8-58e0-8988-ad13ed8daf4c","descriptionBoxUUID":"3a74fc9b-2acb-5b0b-9fd3-96e192be97e7","singletonReifiedRelationshipClassifierUUID":"080ab77c-77f4-5c3c-be67-660dced7f9a2","name":"IMCEDemo_instrument_Subsystem"}
{"uuid":"9024ee77-812c-5026-8999-eea296c33011","descriptionBoxUUID":"3a74fc9b-2acb-5b0b-9fd3-96e192be97e7","singletonReifiedRelationshipClassifierUUID":"8d1923c1-0cec-50b3-bc2d-3023954ac1e5","name":"WBS_06_05_CDS_Subsystem"}
{"uuid":"92068e65-6890-53e5-b4ed-a32c4a775bca","descriptionBoxUUID":"3a74fc9b-2acb-5b0b-9fd3-96e192be97e7","singletonReifiedRelationshipClassifierUUID":"080ab77c-77f4-5c3c-be67-660dced7f9a2","name":"MLH_MMP_CHK_Instrument_Asm_021115_ST12259_040_021115_2"}
{"uuid":"94b8e626-d20e-5f8d-82c3-3e3d33f53f33","descriptionBoxUUID":"3a74fc9b-2acb-5b0b-9fd3-96e192be97e7","singletonReifiedRelationshipClassifierUUID":"080ab77c-77f4-5c3c-be67-660dced7f9a2","name":"MLH_MMP_CHK_Panel_2_021115_KNCM4X0_7_021115"}
{"uuid":"97185eda-e75a-568e-bcd9-fac6b756be25","descriptionBoxUUID":"3a74fc9b-2acb-5b0b-9fd3-96e192be97e7","singletonReifiedRelationshipClassifierUUID":"8d1923c1-0cec-50b3-bc2d-3023954ac1e5","name":"WBS_06_08_Louvers"}
{"uuid":"9d66031a-c65a-553e-9ff8-8817d4332559","descriptionBoxUUID":"3a74fc9b-2acb-5b0b-9fd3-96e192be97e7","singletonReifiedRelationshipClassifierUUID":"080ab77c-77f4-5c3c-be67-660dced7f9a2","name":"MLH_MMP_CHK_Panel_2_021115_KNCM4X0_7_021115_1"}
{"uuid":"9fa49872-3afe-5a24-8866-000a6f9c8c35","descriptionBoxUUID":"3a74fc9b-2acb-5b0b-9fd3-96e192be97e7","singletonReifiedRelationshipClassifierUUID":"080ab77c-77f4-5c3c-be67-660dced7f9a2","name":"Thermal_Subsystem_avionics_Radiator"}
{"uuid":"9feb6239-0c4d-586c-85f8-c60ce30c4f13","descriptionBoxUUID":"3a74fc9b-2acb-5b0b-9fd3-96e192be97e7","singletonReifiedRelationshipClassifierUUID":"8d1923c1-0cec-50b3-bc2d-3023954ac1e5","name":"WBS_06_04_Battery"}
{"uuid":"aba1d1b4-7a99-55c7-b7d0-a492f1b45f74","descriptionBoxUUID":"3a74fc9b-2acb-5b0b-9fd3-96e192be97e7","singletonReifiedRelationshipClassifierUUID":"080ab77c-77f4-5c3c-be67-660dced7f9a2","name":"WBS_06_wBS_06_12"}
{"uuid":"bafd28f8-5765-59d3-a8d3-3c02a9997732","descriptionBoxUUID":"3a74fc9b-2acb-5b0b-9fd3-96e192be97e7","singletonReifiedRelationshipClassifierUUID":"080ab77c-77f4-5c3c-be67-660dced7f9a2","name":"MLH_MMP_CHK_Panel_2_021115_KNM5X0_5_021115_1"}
{"uuid":"be6010d2-c0e9-5cb2-98d0-99729fb4684a","descriptionBoxUUID":"3a74fc9b-2acb-5b0b-9fd3-96e192be97e7","singletonReifiedRelationshipClassifierUUID":"8d1923c1-0cec-50b3-bc2d-3023954ac1e5","name":"WBS_06_07_Mechanical_Subsystem"}
{"uuid":"bf924b3c-143a-53a4-84f6-cd5448b07fbf","descriptionBoxUUID":"3a74fc9b-2acb-5b0b-9fd3-96e192be97e7","singletonReifiedRelationshipClassifierUUID":"8d1923c1-0cec-50b3-bc2d-3023954ac1e5","name":"WBS_06_10_ACS_Subsystem"}
{"uuid":"c0f0d879-c963-5097-86b9-6cb71a2c5883","descriptionBoxUUID":"3a74fc9b-2acb-5b0b-9fd3-96e192be97e7","singletonReifiedRelationshipClassifierUUID":"080ab77c-77f4-5c3c-be67-660dced7f9a2","name":"MLH_MMP_CHK_Instrument_Asm_021115_NA0069_040016_021115"}
{"uuid":"c216e84e-0977-5900-9f17-9c8ae5a1547a","descriptionBoxUUID":"3a74fc9b-2acb-5b0b-9fd3-96e192be97e7","singletonReifiedRelationshipClassifierUUID":"8d1923c1-0cec-50b3-bc2d-3023954ac1e5","name":"WBS_06_08_PPU_Radiator"}
{"uuid":"c7749569-cd21-5a2d-9056-323b57c5f517","descriptionBoxUUID":"3a74fc9b-2acb-5b0b-9fd3-96e192be97e7","singletonReifiedRelationshipClassifierUUID":"080ab77c-77f4-5c3c-be67-660dced7f9a2","name":"MLH_MMP_CHK_Instrument_Asm_021115_ST12259_040_021115_3"}
{"uuid":"ca3fac4f-c0ce-5dac-9403-481d0f22f3b0","descriptionBoxUUID":"3a74fc9b-2acb-5b0b-9fd3-96e192be97e7","singletonReifiedRelationshipClassifierUUID":"8d1923c1-0cec-50b3-bc2d-3023954ac1e5","name":"WBS_06_06_Telecom_Subsystem"}
{"uuid":"cc4c6604-1258-50ee-9171-7a206396ff69","descriptionBoxUUID":"3a74fc9b-2acb-5b0b-9fd3-96e192be97e7","singletonReifiedRelationshipClassifierUUID":"080ab77c-77f4-5c3c-be67-660dced7f9a2","name":"WBS_06_wBS_06_08"}
{"uuid":"cd46ac5d-cbb2-5548-a70a-0b77e2bb6203","descriptionBoxUUID":"3a74fc9b-2acb-5b0b-9fd3-96e192be97e7","singletonReifiedRelationshipClassifierUUID":"080ab77c-77f4-5c3c-be67-660dced7f9a2","name":"WBS_06_wBS_06_03"}
{"uuid":"cf5d90d0-537d-5032-83e5-d9a94e570aed","descriptionBoxUUID":"3a74fc9b-2acb-5b0b-9fd3-96e192be97e7","singletonReifiedRelationshipClassifierUUID":"080ab77c-77f4-5c3c-be67-660dced7f9a2","name":"WBS_06_wBS_06_05"}
{"uuid":"d0bd5f13-6391-50b9-8da7-e629561ba621","descriptionBoxUUID":"3a74fc9b-2acb-5b0b-9fd3-96e192be97e7","singletonReifiedRelationshipClassifierUUID":"8d1923c1-0cec-50b3-bc2d-3023954ac1e5","name":"WBS_06_08_Thermal_Subsystem"}
{"uuid":"d0f63da5-ff08-5ddc-88a2-4570c9a196f2","descriptionBoxUUID":"3a74fc9b-2acb-5b0b-9fd3-96e192be97e7","singletonReifiedRelationshipClassifierUUID":"080ab77c-77f4-5c3c-be67-660dced7f9a2","name":"WBS_06_wBS_06_04"}
{"uuid":"d189a895-ab0b-5dee-8b99-b08c4b60e355","descriptionBoxUUID":"3a74fc9b-2acb-5b0b-9fd3-96e192be97e7","singletonReifiedRelationshipClassifierUUID":"080ab77c-77f4-5c3c-be67-660dced7f9a2","name":"WBS_06_wBS_06_07"}
{"uuid":"d1b68c0a-fa52-58f0-ad82-25237a8195bf","descriptionBoxUUID":"3a74fc9b-2acb-5b0b-9fd3-96e192be97e7","singletonReifiedRelationshipClassifierUUID":"080ab77c-77f4-5c3c-be67-660dced7f9a2","name":"Power_Subsystem_solar_Array"}
{"uuid":"d31b10b1-f21e-54a3-9dd1-1b4722ddce16","descriptionBoxUUID":"3a74fc9b-2acb-5b0b-9fd3-96e192be97e7","singletonReifiedRelationshipClassifierUUID":"080ab77c-77f4-5c3c-be67-660dced7f9a2","name":"IMCEDemo_spacecraft"}
{"uuid":"da53c723-054f-5762-9295-6aaaa8026051","descriptionBoxUUID":"3a74fc9b-2acb-5b0b-9fd3-96e192be97e7","singletonReifiedRelationshipClassifierUUID":"080ab77c-77f4-5c3c-be67-660dced7f9a2","name":"WBS_06_wBS_06_10"}
{"uuid":"db1f16bc-2346-583c-9ea1-e6870bf5cf3b","descriptionBoxUUID":"3a74fc9b-2acb-5b0b-9fd3-96e192be97e7","singletonReifiedRelationshipClassifierUUID":"080ab77c-77f4-5c3c-be67-660dced7f9a2","name":"WBS_06_wBS_06_11"}
{"uuid":"dfd5ec12-90c8-53f0-89f6-29f1872c1b0a","descriptionBoxUUID":"3a74fc9b-2acb-5b0b-9fd3-96e192be97e7","singletonReifiedRelationshipClassifierUUID":"8d1923c1-0cec-50b3-bc2d-3023954ac1e5","name":"WBS_06_08_Shielding"}
{"uuid":"ebe912f2-6db0-5ac4-808a-514ed763b148","descriptionBoxUUID":"3a74fc9b-2acb-5b0b-9fd3-96e192be97e7","singletonReifiedRelationshipClassifierUUID":"080ab77c-77f4-5c3c-be67-660dced7f9a2","name":"MLH_MMP_CHK_Panel_2_021115_KNM5X0_5_021115_3"}
{"uuid":"f7989bcb-4718-5a51-83a4-2e1b899c07df","descriptionBoxUUID":"3a74fc9b-2acb-5b0b-9fd3-96e192be97e7","singletonReifiedRelationshipClassifierUUID":"080ab77c-77f4-5c3c-be67-660dced7f9a2","name":"WBS_06_wBS_06_01"}
{"uuid":"fe37c9e5-681d-5a8f-b3dc-85bc00141794","descriptionBoxUUID":"3a74fc9b-2acb-5b0b-9fd3-96e192be97e7","singletonReifiedRelationshipClassifierUUID":"080ab77c-77f4-5c3c-be67-660dced7f9a2","name":"WBS_06_wBS_06_06"}
{"uuid":"ffe1017b-34fc-5b04-88e0-cf89573a3c84","descriptionBoxUUID":"3a74fc9b-2acb-5b0b-9fd3-96e192be97e7","singletonReifiedRelationshipClassifierUUID":"8d1923c1-0cec-50b3-bc2d-3023954ac1e5","name":"WBS_05_Instrument_Subsystem"}
