{"uuid":"0a8edae4-0474-5579-bde8-037088e124a0","descriptionBoxUUID":"3a74fc9b-2acb-5b0b-9fd3-96e192be97e7","singletonInstanceUUID":"ebd6aca3-8d7d-5c07-aa02-88ebeb9d5132","scalarDataPropertyUUID":"915a5aaa-f21a-5f6d-ad8c-c362e8b673d8","scalarPropertyValue":"0.1"}
{"uuid":"0cabb2eb-ffd4-5bd7-9f9c-9754e0c10f9a","descriptionBoxUUID":"3a74fc9b-2acb-5b0b-9fd3-96e192be97e7","singletonInstanceUUID":"cb14d150-5580-5e35-9647-577c75594449","scalarDataPropertyUUID":"12801ede-cb6d-5d8d-ba35-e428fec358a0","scalarPropertyValue":"0.0020537067129122993"}
{"uuid":"12287ce5-0cd1-543a-956e-1a05086e5906","descriptionBoxUUID":"3a74fc9b-2acb-5b0b-9fd3-96e192be97e7","singletonInstanceUUID":"3d1384bc-2ebe-5881-a8f3-5b82d08379c6","scalarDataPropertyUUID":"12801ede-cb6d-5d8d-ba35-e428fec358a0","scalarPropertyValue":"5.0"}
{"uuid":"1255d59f-23e9-5d8d-9078-9c9a49cd0bb5","descriptionBoxUUID":"3a74fc9b-2acb-5b0b-9fd3-96e192be97e7","singletonInstanceUUID":"8bef96ab-9198-50d1-978a-e1c3d5c5a9fe","scalarDataPropertyUUID":"12801ede-cb6d-5d8d-ba35-e428fec358a0","scalarPropertyValue":"5.0"}
{"uuid":"1b4e0d44-0a81-5da1-8b90-851f0c4515aa","descriptionBoxUUID":"3a74fc9b-2acb-5b0b-9fd3-96e192be97e7","singletonInstanceUUID":"391e82d4-713f-594b-8586-b33b5b7e9bce","scalarDataPropertyUUID":"915a5aaa-f21a-5f6d-ad8c-c362e8b673d8","scalarPropertyValue":"0.0"}
{"uuid":"22371862-8461-53ed-82b6-92f87afc4326","descriptionBoxUUID":"3a74fc9b-2acb-5b0b-9fd3-96e192be97e7","singletonInstanceUUID":"364313d6-e88e-5c28-934a-11bf05fa9b60","scalarDataPropertyUUID":"12801ede-cb6d-5d8d-ba35-e428fec358a0","scalarPropertyValue":"2.6166186333530586E-4"}
{"uuid":"267a3b11-0c32-54f8-b90b-76e1c3b5fb41","descriptionBoxUUID":"3a74fc9b-2acb-5b0b-9fd3-96e192be97e7","singletonInstanceUUID":"989c6036-252e-5c8e-8834-e46e44df9706","scalarDataPropertyUUID":"915a5aaa-f21a-5f6d-ad8c-c362e8b673d8","scalarPropertyValue":"0.0"}
{"uuid":"2a37e1d4-a530-5491-8a6b-94637565f77f","descriptionBoxUUID":"3a74fc9b-2acb-5b0b-9fd3-96e192be97e7","singletonInstanceUUID":"ea170f6b-459a-581a-b259-5f3b9565d9d8","scalarDataPropertyUUID":"12801ede-cb6d-5d8d-ba35-e428fec358a0","scalarPropertyValue":"3.2606867828737616"}
{"uuid":"308b38a4-8eca-584b-b902-e96f791464a6","descriptionBoxUUID":"3a74fc9b-2acb-5b0b-9fd3-96e192be97e7","singletonInstanceUUID":"391e82d4-713f-594b-8586-b33b5b7e9bce","scalarDataPropertyUUID":"12801ede-cb6d-5d8d-ba35-e428fec358a0","scalarPropertyValue":"0.0"}
{"uuid":"329780c1-2746-5adb-8642-067295f34897","descriptionBoxUUID":"3a74fc9b-2acb-5b0b-9fd3-96e192be97e7","singletonInstanceUUID":"5d09fa03-5d6d-516a-ba06-41668e5280bb","scalarDataPropertyUUID":"12801ede-cb6d-5d8d-ba35-e428fec358a0","scalarPropertyValue":"3.2489667185345597"}
{"uuid":"33fbd165-a07c-5dc4-aff7-05d9c7b3e609","descriptionBoxUUID":"3a74fc9b-2acb-5b0b-9fd3-96e192be97e7","singletonInstanceUUID":"132242ab-1021-5296-a34a-cef021520ee1","scalarDataPropertyUUID":"12801ede-cb6d-5d8d-ba35-e428fec358a0","scalarPropertyValue":"2.0"}
{"uuid":"49b70562-9312-5ec7-a991-e510efb141fa","descriptionBoxUUID":"3a74fc9b-2acb-5b0b-9fd3-96e192be97e7","singletonInstanceUUID":"132242ab-1021-5296-a34a-cef021520ee1","scalarDataPropertyUUID":"915a5aaa-f21a-5f6d-ad8c-c362e8b673d8","scalarPropertyValue":"0.15"}
{"uuid":"4b15cc42-4e24-5665-b333-d6df44a31170","descriptionBoxUUID":"3a74fc9b-2acb-5b0b-9fd3-96e192be97e7","singletonInstanceUUID":"d1925414-38f1-5ba7-8554-0274b597ef56","scalarDataPropertyUUID":"915a5aaa-f21a-5f6d-ad8c-c362e8b673d8","scalarPropertyValue":"0.0"}
{"uuid":"4b89e907-7cd8-5f8d-bc8d-31ff056d575b","descriptionBoxUUID":"3a74fc9b-2acb-5b0b-9fd3-96e192be97e7","singletonInstanceUUID":"d479c68e-d563-56bf-a67d-a263d98b59cd","scalarDataPropertyUUID":"12801ede-cb6d-5d8d-ba35-e428fec358a0","scalarPropertyValue":"0.002492363265876033"}
{"uuid":"4d8b28c4-4a92-50e6-bbfe-0902611d0a9b","descriptionBoxUUID":"3a74fc9b-2acb-5b0b-9fd3-96e192be97e7","singletonInstanceUUID":"fc2f2b65-e41b-5c44-944f-68a560e80c21","scalarDataPropertyUUID":"915a5aaa-f21a-5f6d-ad8c-c362e8b673d8","scalarPropertyValue":"0.05"}
{"uuid":"5061dcf8-4444-5ca0-9cf8-5a3bad709c39","descriptionBoxUUID":"3a74fc9b-2acb-5b0b-9fd3-96e192be97e7","singletonInstanceUUID":"99cb6643-1ef6-5a32-99fc-a350e21815c7","scalarDataPropertyUUID":"12801ede-cb6d-5d8d-ba35-e428fec358a0","scalarPropertyValue":"4.0"}
{"uuid":"54482fdb-bebc-5377-aee7-87637b92afdf","descriptionBoxUUID":"3a74fc9b-2acb-5b0b-9fd3-96e192be97e7","singletonInstanceUUID":"39febe6c-6653-5a59-8296-18540d653a47","scalarDataPropertyUUID":"12801ede-cb6d-5d8d-ba35-e428fec358a0","scalarPropertyValue":"12.0"}
{"uuid":"5628bdc3-145e-5fed-a0b8-adc2d751197b","descriptionBoxUUID":"3a74fc9b-2acb-5b0b-9fd3-96e192be97e7","singletonInstanceUUID":"12b9a695-4993-5062-8514-162b8d065578","scalarDataPropertyUUID":"915a5aaa-f21a-5f6d-ad8c-c362e8b673d8","scalarPropertyValue":"0.1"}
{"uuid":"56adfad4-61ba-561f-9863-8e29fc7459ce","descriptionBoxUUID":"3a74fc9b-2acb-5b0b-9fd3-96e192be97e7","singletonInstanceUUID":"4615d96a-61ff-522a-8f32-13e1ab9e1b5d","scalarDataPropertyUUID":"915a5aaa-f21a-5f6d-ad8c-c362e8b673d8","scalarPropertyValue":"0.15"}
{"uuid":"64bd1d78-0eb1-56c0-9e21-35079f23c23e","descriptionBoxUUID":"3a74fc9b-2acb-5b0b-9fd3-96e192be97e7","singletonInstanceUUID":"693abe25-8d79-5f2f-868d-9f5231bdbe2f","scalarDataPropertyUUID":"12801ede-cb6d-5d8d-ba35-e428fec358a0","scalarPropertyValue":"0.07926977316172498"}
{"uuid":"657a93e6-180a-57bb-86bc-e30b5ed4ab8e","descriptionBoxUUID":"3a74fc9b-2acb-5b0b-9fd3-96e192be97e7","singletonInstanceUUID":"8bef96ab-9198-50d1-978a-e1c3d5c5a9fe","scalarDataPropertyUUID":"915a5aaa-f21a-5f6d-ad8c-c362e8b673d8","scalarPropertyValue":"0.12"}
{"uuid":"7a355686-7d48-5651-8efd-11ed3c69c467","descriptionBoxUUID":"3a74fc9b-2acb-5b0b-9fd3-96e192be97e7","singletonInstanceUUID":"99cb6643-1ef6-5a32-99fc-a350e21815c7","scalarDataPropertyUUID":"915a5aaa-f21a-5f6d-ad8c-c362e8b673d8","scalarPropertyValue":"0.12"}
{"uuid":"7ac1731c-2218-5ab6-8055-2d3e9557e197","descriptionBoxUUID":"3a74fc9b-2acb-5b0b-9fd3-96e192be97e7","singletonInstanceUUID":"d1925414-38f1-5ba7-8554-0274b597ef56","scalarDataPropertyUUID":"12801ede-cb6d-5d8d-ba35-e428fec358a0","scalarPropertyValue":"0.0"}
{"uuid":"7acec1df-28a6-569b-b7c4-62e35ce6c93f","descriptionBoxUUID":"3a74fc9b-2acb-5b0b-9fd3-96e192be97e7","singletonInstanceUUID":"c86c8d7e-09ca-53c3-9972-7b7a7bf7d75f","scalarDataPropertyUUID":"12801ede-cb6d-5d8d-ba35-e428fec358a0","scalarPropertyValue":"4.0"}
{"uuid":"7b1400c7-1ff1-5710-a351-8efeb8c05710","descriptionBoxUUID":"3a74fc9b-2acb-5b0b-9fd3-96e192be97e7","singletonInstanceUUID":"a5592159-1191-5db8-9ee1-344791b66aec","scalarDataPropertyUUID":"915a5aaa-f21a-5f6d-ad8c-c362e8b673d8","scalarPropertyValue":"0.1"}
{"uuid":"7eede62b-9f4e-5a85-972f-638894c37226","descriptionBoxUUID":"3a74fc9b-2acb-5b0b-9fd3-96e192be97e7","singletonInstanceUUID":"e3693fba-8217-5a9a-8b97-378c7ad8773c","scalarDataPropertyUUID":"12801ede-cb6d-5d8d-ba35-e428fec358a0","scalarPropertyValue":"4.2694167755925285"}
{"uuid":"9492b1ae-de52-59a2-884f-86427bf1bf7c","descriptionBoxUUID":"3a74fc9b-2acb-5b0b-9fd3-96e192be97e7","singletonInstanceUUID":"ac9e62ce-ebd0-5744-a5d4-285433c71d68","scalarDataPropertyUUID":"915a5aaa-f21a-5f6d-ad8c-c362e8b673d8","scalarPropertyValue":"0.1"}
{"uuid":"a152e909-41d5-557b-8ab8-043d8406987a","descriptionBoxUUID":"3a74fc9b-2acb-5b0b-9fd3-96e192be97e7","singletonInstanceUUID":"90523179-b04a-5ae9-bafc-aa1b4fabc526","scalarDataPropertyUUID":"12801ede-cb6d-5d8d-ba35-e428fec358a0","scalarPropertyValue":"1.0"}
{"uuid":"a208676a-598f-5857-a25a-d1b4b69188ae","descriptionBoxUUID":"3a74fc9b-2acb-5b0b-9fd3-96e192be97e7","singletonInstanceUUID":"3be566d7-7241-5c0f-956b-632e37908ee0","scalarDataPropertyUUID":"12801ede-cb6d-5d8d-ba35-e428fec358a0","scalarPropertyValue":"0.9977138922019226"}
{"uuid":"a4d5b765-38a2-505c-86d3-73d17329c82f","descriptionBoxUUID":"3a74fc9b-2acb-5b0b-9fd3-96e192be97e7","singletonInstanceUUID":"989c6036-252e-5c8e-8834-e46e44df9706","scalarDataPropertyUUID":"12801ede-cb6d-5d8d-ba35-e428fec358a0","scalarPropertyValue":"0.0"}
{"uuid":"a7f29f90-4de1-5f84-99f8-4121e6d451c2","descriptionBoxUUID":"3a74fc9b-2acb-5b0b-9fd3-96e192be97e7","singletonInstanceUUID":"fc2f2b65-e41b-5c44-944f-68a560e80c21","scalarDataPropertyUUID":"12801ede-cb6d-5d8d-ba35-e428fec358a0","scalarPropertyValue":"3.0"}
{"uuid":"bb92c330-a4cb-5fd0-9170-4157a6d62056","descriptionBoxUUID":"3a74fc9b-2acb-5b0b-9fd3-96e192be97e7","singletonInstanceUUID":"3d1384bc-2ebe-5881-a8f3-5b82d08379c6","scalarDataPropertyUUID":"915a5aaa-f21a-5f6d-ad8c-c362e8b673d8","scalarPropertyValue":"0.4"}
{"uuid":"be5d3bb7-4613-5250-8350-48d012cc9757","descriptionBoxUUID":"3a74fc9b-2acb-5b0b-9fd3-96e192be97e7","singletonInstanceUUID":"c86c8d7e-09ca-53c3-9972-7b7a7bf7d75f","scalarDataPropertyUUID":"915a5aaa-f21a-5f6d-ad8c-c362e8b673d8","scalarPropertyValue":"0.05"}
{"uuid":"c661ff6a-10e4-58bc-bfc3-4769948e104e","descriptionBoxUUID":"3a74fc9b-2acb-5b0b-9fd3-96e192be97e7","singletonInstanceUUID":"51346f03-b469-5c8b-8a97-efd159655094","scalarDataPropertyUUID":"12801ede-cb6d-5d8d-ba35-e428fec358a0","scalarPropertyValue":"8.763093718881308E-4"}
{"uuid":"d2a7fc0c-8107-5764-96f2-ff2cdf8fa924","descriptionBoxUUID":"3a74fc9b-2acb-5b0b-9fd3-96e192be97e7","singletonInstanceUUID":"a5592159-1191-5db8-9ee1-344791b66aec","scalarDataPropertyUUID":"12801ede-cb6d-5d8d-ba35-e428fec358a0","scalarPropertyValue":"6.0"}
{"uuid":"d97af761-3c0d-50b8-8710-00bb2bf59dfc","descriptionBoxUUID":"3a74fc9b-2acb-5b0b-9fd3-96e192be97e7","singletonInstanceUUID":"90523179-b04a-5ae9-bafc-aa1b4fabc526","scalarDataPropertyUUID":"915a5aaa-f21a-5f6d-ad8c-c362e8b673d8","scalarPropertyValue":"0.1"}
{"uuid":"dfa96892-34c6-59d2-a4a4-3db61d98bd31","descriptionBoxUUID":"3a74fc9b-2acb-5b0b-9fd3-96e192be97e7","singletonInstanceUUID":"ebd6aca3-8d7d-5c07-aa02-88ebeb9d5132","scalarDataPropertyUUID":"12801ede-cb6d-5d8d-ba35-e428fec358a0","scalarPropertyValue":"15.0"}
{"uuid":"e01754a8-cda1-59f2-9f6f-13f17084e848","descriptionBoxUUID":"3a74fc9b-2acb-5b0b-9fd3-96e192be97e7","singletonInstanceUUID":"ac9e62ce-ebd0-5744-a5d4-285433c71d68","scalarDataPropertyUUID":"12801ede-cb6d-5d8d-ba35-e428fec358a0","scalarPropertyValue":"0.0"}
{"uuid":"e02a8b43-900a-534a-ad1c-7027935d04a4","descriptionBoxUUID":"3a74fc9b-2acb-5b0b-9fd3-96e192be97e7","singletonInstanceUUID":"12b9a695-4993-5062-8514-162b8d065578","scalarDataPropertyUUID":"12801ede-cb6d-5d8d-ba35-e428fec358a0","scalarPropertyValue":"2.0"}
{"uuid":"ed9486b4-b767-5d86-8956-9ec3e1949510","descriptionBoxUUID":"3a74fc9b-2acb-5b0b-9fd3-96e192be97e7","singletonInstanceUUID":"4615d96a-61ff-522a-8f32-13e1ab9e1b5d","scalarDataPropertyUUID":"12801ede-cb6d-5d8d-ba35-e428fec358a0","scalarPropertyValue":"3.0"}
{"uuid":"f67be501-5f2c-5132-85c2-daecf4214ae2","descriptionBoxUUID":"3a74fc9b-2acb-5b0b-9fd3-96e192be97e7","singletonInstanceUUID":"39febe6c-6653-5a59-8296-18540d653a47","scalarDataPropertyUUID":"915a5aaa-f21a-5f6d-ad8c-c362e8b673d8","scalarPropertyValue":"0.1"}
