{"uuid":"11183371-dee2-5111-8d61-db2d94aa7701","iri":"http://purl.org/dc/elements/1.1/coverage","abbrevIRI":"dc:coverage"}
{"uuid":"26951f5c-7114-561b-9176-a603fede9732","iri":"http://purl.org/dc/elements/1.1/relation","abbrevIRI":"dc:relation"}
{"uuid":"3f066dd9-6bf0-5150-85c9-02b9e779d554","iri":"http://purl.org/dc/elements/1.1/publisher","abbrevIRI":"dc:publisher"}
{"uuid":"40fa06a0-807e-52af-a479-e066381bda7e","iri":"http://purl.org/dc/elements/1.1/rights","abbrevIRI":"dc:rights"}
{"uuid":"4465a328-9fc4-5556-8d73-48c062a2645e","iri":"http://purl.org/dc/elements/1.1/description","abbrevIRI":"dc:description"}
{"uuid":"566cdbd4-486f-5ce1-914c-eb2a2131e04f","iri":"http://purl.org/dc/elements/1.1/identifier","abbrevIRI":"dc:identifier"}
{"uuid":"65db3e67-614c-5467-8338-61778bb0c03f","iri":"http://purl.org/dc/elements/1.1/contributor","abbrevIRI":"dc:contributor"}
{"uuid":"685f8d50-b9c3-5407-baf5-b8b23af87a45","iri":"http://purl.org/dc/elements/1.1/language","abbrevIRI":"dc:language"}
{"uuid":"6b79c850-837c-5174-ac34-83f1ac6be68c","iri":"http://purl.org/dc/elements/1.1/source","abbrevIRI":"dc:source"}
{"uuid":"956b8a42-523e-54e1-b19a-304c5fc7fff3","iri":"http://purl.org/dc/elements/1.1/type","abbrevIRI":"dc:type"}
{"uuid":"a63d99ab-9ff4-58e1-9f15-bea35fb643cf","iri":"http://purl.org/dc/elements/1.1/creator","abbrevIRI":"dc:creator"}
{"uuid":"b46685e7-abaa-5a8e-b6b8-cf7b2a51b5de","iri":"http://purl.org/dc/elements/1.1/date","abbrevIRI":"dc:date"}
{"uuid":"bf8139f5-cda8-5ed1-8fc8-da7742249512","iri":"http://purl.org/dc/elements/1.1/format","abbrevIRI":"dc:format"}
{"uuid":"de47ef62-c3be-5246-98d5-ed6e481d149e","iri":"http://purl.org/dc/elements/1.1/title","abbrevIRI":"dc:title"}
{"uuid":"e6990dd3-0480-5663-a589-d52e447f3eb2","iri":"http://purl.org/dc/elements/1.1/subject","abbrevIRI":"dc:subject"}
