{"uuid":"0a99bf51-60b8-5034-82f5-4868b00e225d","tboxUUID":"fe96f0fb-1481-576b-ade4-8197ae12651a","name":"Flow"}
{"uuid":"0b29b16e-5fc1-55bb-a34d-7feb2bc6e279","tboxUUID":"fe96f0fb-1481-576b-ade4-8197ae12651a","name":"Function"}
{"uuid":"213037b2-a28a-56fe-adf3-8a71872995c3","tboxUUID":"fe96f0fb-1481-576b-ade4-8197ae12651a","name":"Junction"}
{"uuid":"25b8f20f-c642-5d9f-8d4d-8dc2ce91d52f","tboxUUID":"fe96f0fb-1481-576b-ade4-8197ae12651a","name":"Interchange"}
{"uuid":"3d0991d6-3bc7-5d3c-a841-5a87d90c08e5","tboxUUID":"fe96f0fb-1481-576b-ade4-8197ae12651a","name":"Mission"}
{"uuid":"426f769a-d7f1-57e3-a73d-6995180e9c76","tboxUUID":"fe96f0fb-1481-576b-ade4-8197ae12651a","name":"Environment"}
{"uuid":"47654ce2-0bc1-5be5-8e69-a4ac299ff600","tboxUUID":"fe96f0fb-1481-576b-ade4-8197ae12651a","name":"MaterialItem"}
{"uuid":"51baa3d5-51b4-5972-bebb-fb68418ca93c","tboxUUID":"fe96f0fb-1481-576b-ade4-8197ae12651a","name":"Message"}
{"uuid":"6b26f52f-4ca2-5980-bdef-0d581ec6c8ae","tboxUUID":"fe96f0fb-1481-576b-ade4-8197ae12651a","name":"Interface"}
{"uuid":"904e5864-c5c2-54a9-9e93-9721cd9e9c40","tboxUUID":"fe96f0fb-1481-576b-ade4-8197ae12651a","name":"Product"}
{"uuid":"b7bcec1d-7016-5e81-9568-80732fecf9d9","tboxUUID":"fe96f0fb-1481-576b-ade4-8197ae12651a","name":"Requirement"}
{"uuid":"c5194f0c-ef37-57d0-8f1c-2ef2b714aff3","tboxUUID":"fe96f0fb-1481-576b-ade4-8197ae12651a","name":"Component"}
{"uuid":"d5b25902-0359-57de-86da-f4f27c9c583b","tboxUUID":"fe96f0fb-1481-576b-ade4-8197ae12651a","name":"InterchangePoint"}
{"uuid":"e51ff1c6-90d5-5470-9f51-4d50a59ade41","tboxUUID":"fe96f0fb-1481-576b-ade4-8197ae12651a","name":"Objective"}
{"uuid":"ee7b499b-6f69-5d91-8983-5f05915e2b39","tboxUUID":"fe96f0fb-1481-576b-ade4-8197ae12651a","name":"Item"}
