{"uuid":"09eaf649-5c67-54f5-8a31-2d091db5bc81","tboxUUID":"fe96f0fb-1481-576b-ade4-8197ae12651a","restrictedRelationUUID":"080ab77c-77f4-5c3c-be67-660dced7f9a2","restrictedDomainUUID":"ee7b499b-6f69-5d91-8983-5f05915e2b39","restrictedRangeUUID":"ee7b499b-6f69-5d91-8983-5f05915e2b39"}
{"uuid":"0e493786-ddbc-5ffa-a37c-00f99b78f0ad","tboxUUID":"fe96f0fb-1481-576b-ade4-8197ae12651a","restrictedRelationUUID":"080ab77c-77f4-5c3c-be67-660dced7f9a2","restrictedDomainUUID":"47654ce2-0bc1-5be5-8e69-a4ac299ff600","restrictedRangeUUID":"47654ce2-0bc1-5be5-8e69-a4ac299ff600"}
{"uuid":"15aad7ee-3aa3-5d54-893d-7cf46dcd6ba6","tboxUUID":"fe96f0fb-1481-576b-ade4-8197ae12651a","restrictedRelationUUID":"080ab77c-77f4-5c3c-be67-660dced7f9a2","restrictedDomainUUID":"0a99bf51-60b8-5034-82f5-4868b00e225d","restrictedRangeUUID":"0a99bf51-60b8-5034-82f5-4868b00e225d"}
{"uuid":"5525902d-21f4-5833-b675-cb94dd96b022","tboxUUID":"fe96f0fb-1481-576b-ade4-8197ae12651a","restrictedRelationUUID":"639ef275-9c45-5b30-a858-464ae01ddbd4","restrictedDomainUUID":"e51ff1c6-90d5-5470-9f51-4d50a59ade41","restrictedRangeUUID":"e51ff1c6-90d5-5470-9f51-4d50a59ade41"}
{"uuid":"72e0c67d-c05a-5495-a24f-ea9b5b75b21e","tboxUUID":"fe96f0fb-1481-576b-ade4-8197ae12651a","restrictedRelationUUID":"639ef275-9c45-5b30-a858-464ae01ddbd4","restrictedDomainUUID":"904e5864-c5c2-54a9-9e93-9721cd9e9c40","restrictedRangeUUID":"a2460552-a1c3-5077-a6ea-2df57617b9c7"}
{"uuid":"7d003a4f-b7e6-5126-a1fd-bb4bec835ef9","tboxUUID":"fe96f0fb-1481-576b-ade4-8197ae12651a","restrictedRelationUUID":"080ab77c-77f4-5c3c-be67-660dced7f9a2","restrictedDomainUUID":"51baa3d5-51b4-5972-bebb-fb68418ca93c","restrictedRangeUUID":"51baa3d5-51b4-5972-bebb-fb68418ca93c"}
{"uuid":"979d87d2-d5bb-57a7-8e60-ba08ae4bd390","tboxUUID":"fe96f0fb-1481-576b-ade4-8197ae12651a","restrictedRelationUUID":"6df8cab4-1ac4-579d-b5a9-ccba1595e4a2","restrictedDomainUUID":"0b29b16e-5fc1-55bb-a34d-7feb2bc6e279","restrictedRangeUUID":"0b29b16e-5fc1-55bb-a34d-7feb2bc6e279"}
{"uuid":"9d5563d3-e7be-59df-a38e-b386f655f18f","tboxUUID":"fe96f0fb-1481-576b-ade4-8197ae12651a","restrictedRelationUUID":"080ab77c-77f4-5c3c-be67-660dced7f9a2","restrictedDomainUUID":"c5194f0c-ef37-57d0-8f1c-2ef2b714aff3","restrictedRangeUUID":"c5194f0c-ef37-57d0-8f1c-2ef2b714aff3"}
{"uuid":"d929cc32-e18b-5821-bfa3-aad298d2df52","tboxUUID":"fe96f0fb-1481-576b-ade4-8197ae12651a","restrictedRelationUUID":"639ef275-9c45-5b30-a858-464ae01ddbd4","restrictedDomainUUID":"426f769a-d7f1-57e3-a73d-6995180e9c76","restrictedRangeUUID":"426f769a-d7f1-57e3-a73d-6995180e9c76"}
{"uuid":"e218fb25-8e40-5673-8ea8-af35b42d97aa","tboxUUID":"fe96f0fb-1481-576b-ade4-8197ae12651a","restrictedRelationUUID":"080ab77c-77f4-5c3c-be67-660dced7f9a2","restrictedDomainUUID":"213037b2-a28a-56fe-adf3-8a71872995c3","restrictedRangeUUID":"213037b2-a28a-56fe-adf3-8a71872995c3"}
