{"uuid":"03b884cc-6314-5236-ac00-3e68c20e70bc","tboxUUID":"6ac368a6-5022-5c9c-a9b1-ec6cde59180e","domainUUID":"5452cb08-b3f5-59e0-9f93-4d3c9b6af655","rangeUUID":"7313ed3f-9bc1-53e8-9bf0-11d9605df343","isIdentityCriteria":false,"name":"massReserve"}
{"uuid":"06dd5750-8bc1-5626-9166-9d7a80d7269d","tboxUUID":"6ac368a6-5022-5c9c-a9b1-ec6cde59180e","domainUUID":"5452cb08-b3f5-59e0-9f93-4d3c9b6af655","rangeUUID":"7313ed3f-9bc1-53e8-9bf0-11d9605df343","isIdentityCriteria":false,"name":"massMargin"}
{"uuid":"12801ede-cb6d-5d8d-ba35-e428fec358a0","tboxUUID":"6ac368a6-5022-5c9c-a9b1-ec6cde59180e","domainUUID":"5452cb08-b3f5-59e0-9f93-4d3c9b6af655","rangeUUID":"7313ed3f-9bc1-53e8-9bf0-11d9605df343","isIdentityCriteria":false,"name":"basicMass"}
{"uuid":"19bda903-088b-588c-8e69-88dd1c1b3dd7","tboxUUID":"6ac368a6-5022-5c9c-a9b1-ec6cde59180e","domainUUID":"5452cb08-b3f5-59e0-9f93-4d3c9b6af655","rangeUUID":"7313ed3f-9bc1-53e8-9bf0-11d9605df343","isIdentityCriteria":false,"name":"predictedMass"}
{"uuid":"915a5aaa-f21a-5f6d-ad8c-c362e8b673d8","tboxUUID":"6ac368a6-5022-5c9c-a9b1-ec6cde59180e","domainUUID":"5452cb08-b3f5-59e0-9f93-4d3c9b6af655","rangeUUID":"7313ed3f-9bc1-53e8-9bf0-11d9605df343","isIdentityCriteria":false,"name":"massGrowthAllowance"}
{"uuid":"c9deab06-4a42-57cc-8075-44e5c328b8cc","tboxUUID":"6ac368a6-5022-5c9c-a9b1-ec6cde59180e","domainUUID":"5452cb08-b3f5-59e0-9f93-4d3c9b6af655","rangeUUID":"7313ed3f-9bc1-53e8-9bf0-11d9605df343","isIdentityCriteria":false,"name":"massLimit"}
{"uuid":"de0edbbd-8295-5929-9cfb-ec9692b39432","tboxUUID":"6ac368a6-5022-5c9c-a9b1-ec6cde59180e","domainUUID":"5452cb08-b3f5-59e0-9f93-4d3c9b6af655","rangeUUID":"7313ed3f-9bc1-53e8-9bf0-11d9605df343","isIdentityCriteria":false,"name":"allowableMass"}
