{"uuid":"2e218ab8-518d-5cd0-a660-f575a101e5d8","iri":"http://www.w3.org/2000/01/rdf-schema#isDefinedBy","abbrevIRI":"rdfs:isDefinedBy"}
{"uuid":"d0e9e696-d3f2-5966-a62f-d8358cbde741","iri":"http://www.w3.org/2000/01/rdf-schema#label","abbrevIRI":"rdfs:label"}
{"uuid":"da1b0b28-9c51-55c3-a963-2337006693de","iri":"http://www.w3.org/2000/01/rdf-schema#comment","abbrevIRI":"rdfs:comment"}
{"uuid":"ec554dd3-a425-5dc0-b731-666ba293ce0b","iri":"http://www.w3.org/2000/01/rdf-schema#seeAlso","abbrevIRI":"rdfs:seeAlso"}
