{"uuid":"1694f46e-042b-587c-a3eb-c81448cb0598","iri":"https://imce.jpl.nasa.gov/oml/provenance/MagicDraw#MD_RESOURCE_URL","abbrevIRI":"oml:MD_RESOURCE_URL"}
{"uuid":"7d7fc4e6-2d99-5119-93ff-501c30ad7576","iri":"https://imce.jpl.nasa.gov/oml/provenance/MagicDraw#MD_SOURCE_ELEMENT_ID","abbrevIRI":"oml:MD_SOURCE_ELEMENT_ID"}
{"uuid":"b3b4379c-d697-5057-9e31-9479bd2ff73a","iri":"https://imce.jpl.nasa.gov/oml/provenance/MagicDraw#MD_ELEMENT_URL","abbrevIRI":"oml:MD_ELEMENT_URL"}
{"uuid":"e0d9a098-33b3-5f91-9b44-7833ff4ac769","iri":"https://imce.jpl.nasa.gov/oml/provenance/MagicDraw#MD_ELEMENT_ID","abbrevIRI":"oml:MD_ELEMENT_ID"}
{"uuid":"f169e3e9-9a0e-579a-904d-1119b520a814","iri":"https://imce.jpl.nasa.gov/oml/provenance/MagicDraw#MD_ELEMENT_UUID","abbrevIRI":"oml:MD_ELEMENT_UUID"}
{"uuid":"fc2d7f24-16b3-5edd-b4d0-fbac5b79af48","iri":"https://imce.jpl.nasa.gov/oml/provenance/MagicDraw#MD_TARGET_ELEMENT_ID","abbrevIRI":"oml:MD_TARGET_ELEMENT_ID"}
