{"uuid":"20d28a72-f474-585c-abbb-8c1f4d153b59","tboxUUID":"c108fbcf-4357-57cd-a8c0-8799e467e87f","restrictedRangeUUID":"7e6679ef-7ac5-5e61-a2d6-3950a7df92ee","minExclusive":[],"minInclusive":["-9223372036854775808"],"maxExclusive":[],"maxInclusive":["9223372036854775807"],"name":"long"}
{"uuid":"2df2ad8d-02a7-54f1-83b0-97cf5d857571","tboxUUID":"c108fbcf-4357-57cd-a8c0-8799e467e87f","restrictedRangeUUID":"7e6679ef-7ac5-5e61-a2d6-3950a7df92ee","minExclusive":[],"minInclusive":["0"],"maxExclusive":[],"maxInclusive":[],"name":"nonNegativeInteger"}
{"uuid":"c0d5bd43-e429-520e-a0ba-c6b1099b09a4","tboxUUID":"c108fbcf-4357-57cd-a8c0-8799e467e87f","restrictedRangeUUID":"7e6679ef-7ac5-5e61-a2d6-3950a7df92ee","minExclusive":[],"minInclusive":["-2147483648"],"maxExclusive":[],"maxInclusive":["2147483647"],"name":"int"}
