{"uuid":"7e6679ef-7ac5-5e61-a2d6-3950a7df92ee","tboxUUID":"c108fbcf-4357-57cd-a8c0-8799e467e87f","restrictedRangeUUID":"7313ed3f-9bc1-53e8-9bf0-11d9605df343","length":[0],"minLength":[0],"maxLength":[10],"name":"integer","pattern":["[\\\\-+]?[0-9]+"]}
{"uuid":"b1253e6a-896e-56b6-9e34-ab26fe9fd5c3","tboxUUID":"c108fbcf-4357-57cd-a8c0-8799e467e87f","restrictedRangeUUID":"ce03e6ea-7de0-50ba-968d-1499c9081f57","length":[0],"minLength":[0],"maxLength":[0],"name":"hexBinary","pattern":["([0-9a-fA-F]{2})*"]}
